scenario_id,label,category,timestamp_utc,timestamp_unix,relative_s,duUeIndex,is_srb,pdu_bytes_total,rb_id,sdu_delivered_bytes_total,sdu_delivered_lat_avg_us,sdu_delivered_lat_count,sdu_delivered_lat_max_us
B1,baseline_indoor_los,baseline,2026-04-01T16:05:36.000000Z,1775059536.0,0.0,0,1,0,0,6,0.0,1,0.0
B1,baseline_indoor_los,baseline,2026-04-01T16:05:36.000000Z,1775059536.0,0.0,0,1,247,1,233,2.28,7,4.278
B1,baseline_indoor_los,baseline,2026-04-01T16:05:37.000000Z,1775059537.0,1.0,0,1,31,1,27,6.427,2,11.171
B1,baseline_indoor_los,baseline,2026-04-01T16:05:37.000000Z,1775059537.0,1.0,0,0,54,1,51,0.571,1,0.571
B1,baseline_indoor_los,baseline,2026-04-01T16:05:38.000000Z,1775059538.0,2.0,0,0,612477,1,610251,848.94,435,10043.993
B1,baseline_indoor_los,baseline,2026-04-01T16:05:39.000000Z,1775059539.0,3.0,0,0,1285546,1,1281491,862.7,905,15234.145
B1,baseline_indoor_los,baseline,2026-04-01T16:05:40.000000Z,1775059540.0,4.0,0,0,1293452,1,1290849,918.844,903,19260.766
B1,baseline_indoor_los,baseline,2026-04-01T16:05:41.000000Z,1775059541.0,5.0,0,0,1292169,1,1287987,908.994,901,16348.274
B1,baseline_indoor_los,baseline,2026-04-01T16:05:42.000000Z,1775059542.0,6.0,0,0,1291587,1,1287987,918.574,901,17416.608
B1,baseline_indoor_los,baseline,2026-04-01T16:05:43.000000Z,1775059543.0,7.0,0,0,1284709,1,1280832,957.742,896,15481.75
B1,baseline_indoor_los,baseline,2026-04-01T16:05:44.000000Z,1775059544.0,8.0,0,0,1282429,1,1280832,937.248,896,12781.607
B1,baseline_indoor_los,baseline,2026-04-01T16:05:45.000000Z,1775059545.0,9.0,0,0,1281437,1,1277970,929.998,894,19038.089
B1,baseline_indoor_los,baseline,2026-04-01T16:05:46.000000Z,1775059546.0,10.0,0,0,1299863,1,1296573,881.742,907,21181.769
B1,baseline_indoor_los,baseline,2026-04-01T16:05:47.000000Z,1775059547.0,11.0,0,0,1277914,1,1273677,917.634,891,17681.576
B1,baseline_indoor_los,baseline,2026-04-01T16:05:48.000000Z,1775059548.0,12.0,0,0,1294330,1,1290849,940.492,903,17290.973
B1,baseline_indoor_los,baseline,2026-04-01T16:05:49.000000Z,1775059549.0,13.0,0,0,1287894,1,1283694,921.98,898,12288.042
B1,baseline_indoor_los,baseline,2026-04-01T16:05:50.000000Z,1775059550.0,14.0,0,0,1287773,1,1285125,942.849,899,13951.26
B1,baseline_indoor_los,baseline,2026-04-01T16:05:51.000000Z,1775059551.0,15.0,0,0,1297813,1,1293711,942.555,905,16850.457
B1,baseline_indoor_los,baseline,2026-04-01T16:05:52.000000Z,1775059552.0,16.0,0,0,1292224,1,1289418,957.133,902,12874.893
B1,baseline_indoor_los,baseline,2026-04-01T16:05:53.000000Z,1775059553.0,17.0,0,0,1288648,1,1283694,917.28,898,11884.535
B1,baseline_indoor_los,baseline,2026-04-01T16:05:54.000000Z,1775059554.0,18.0,0,0,1290724,1,1287987,955.876,901,17343.512
B1,baseline_indoor_los,baseline,2026-04-01T16:05:55.000000Z,1775059555.0,19.0,0,0,1282065,1,1277970,874.814,894,19487.734
B1,baseline_indoor_los,baseline,2026-04-01T16:05:56.000000Z,1775059556.0,20.0,0,0,1292153,1,1289418,925.135,902,16542.531
B1,baseline_indoor_los,baseline,2026-04-01T16:05:57.000000Z,1775059557.0,21.0,0,0,1293377,1,1289418,901.722,902,18048.555
B1,baseline_indoor_los,baseline,2026-04-01T16:05:58.000000Z,1775059558.0,22.0,0,0,1285614,1,1282263,933.115,897,19078.556
B1,baseline_indoor_los,baseline,2026-04-01T16:05:59.000000Z,1775059559.0,23.0,0,0,1287481,1,1283694,931.764,898,31056.027
B1,baseline_indoor_los,baseline,2026-04-01T16:06:00.000000Z,1775059560.0,24.0,0,0,1302370,1,1299435,906.011,909,18747.235
B1,baseline_indoor_los,baseline,2026-04-01T16:06:01.000000Z,1775059561.0,25.0,0,0,1285115,1,1280832,912.374,896,14268.958
B1,baseline_indoor_los,baseline,2026-04-01T16:06:02.000000Z,1775059562.0,26.0,0,0,1293659,1,1289418,894.061,902,14369.888
B1,baseline_indoor_los,baseline,2026-04-01T16:06:03.000000Z,1775059563.0,27.0,0,0,1284080,1,1280832,919.554,896,21830.668
B1,baseline_indoor_los,baseline,2026-04-01T16:06:04.000000Z,1775059564.0,28.0,0,0,1279665,1,1276539,953.041,893,15103.463
B1,baseline_indoor_los,baseline,2026-04-01T16:06:05.000000Z,1775059565.0,29.0,0,0,1295349,1,1292280,878.961,904,17692.138
B1,baseline_indoor_los,baseline,2026-04-01T16:06:06.000000Z,1775059566.0,30.0,0,0,1296203,1,1292280,954.869,904,12446.17
B1,baseline_indoor_los,baseline,2026-04-01T16:06:07.000000Z,1775059567.0,31.0,0,0,1279969,1,1276539,900.857,893,16309.315
B1,baseline_indoor_los,baseline,2026-04-01T16:06:08.000000Z,1775059568.0,32.0,0,0,1298178,1,1293711,871.645,905,17673.122
B1,baseline_indoor_los,baseline,2026-04-01T16:06:09.000000Z,1775059569.0,33.0,0,0,1300405,1,1298004,926.925,908,14534.196
B1,baseline_indoor_los,baseline,2026-04-01T16:06:10.000000Z,1775059570.0,34.0,0,0,1284441,1,1280832,927.035,896,13978.504
B1,baseline_indoor_los,baseline,2026-04-01T16:06:11.000000Z,1775059571.0,35.0,0,0,1294387,1,1290849,956.811,903,15378.9
B1,baseline_indoor_los,baseline,2026-04-01T16:06:12.000000Z,1775059572.0,36.0,0,0,1290667,1,1286556,881.347,900,13480.069
B1,baseline_indoor_los,baseline,2026-04-01T16:06:13.000000Z,1775059573.0,37.0,0,0,1276428,1,1272246,895.671,890,19901.703
B1,baseline_indoor_los,baseline,2026-04-01T16:06:14.000000Z,1775059574.0,38.0,0,0,1286854,1,1283694,947.472,898,19997.673
B1,baseline_indoor_los,baseline,2026-04-01T16:06:15.000000Z,1775059575.0,39.0,0,0,1301440,1,1298004,973.384,908,17329.048
B1,baseline_indoor_los,baseline,2026-04-01T16:06:16.000000Z,1775059576.0,40.0,0,0,1288130,1,1283694,921.701,898,14526.261
B1,baseline_indoor_los,baseline,2026-04-01T16:06:17.000000Z,1775059577.0,41.0,0,0,1284317,1,1280832,898.058,896,13869.891
B1,baseline_indoor_los,baseline,2026-04-01T16:06:18.000000Z,1775059578.0,42.0,0,0,1292512,1,1289418,904.485,902,12657.357
B1,baseline_indoor_los,baseline,2026-04-01T16:06:19.000000Z,1775059579.0,43.0,0,0,1286992,1,1283694,925.488,898,20059.77
B1,baseline_indoor_los,baseline,2026-04-01T16:06:20.000000Z,1775059580.0,44.0,0,0,1293891,1,1290849,949.501,903,18480.017
B1,baseline_indoor_los,baseline,2026-04-01T16:06:21.000000Z,1775059581.0,45.0,0,0,1289371,1,1285125,921.272,899,22013.494
B1,baseline_indoor_los,baseline,2026-04-01T16:06:22.000000Z,1775059582.0,46.0,0,0,1291554,1,1287987,934.458,901,12641.869
B1,baseline_indoor_los,baseline,2026-04-01T16:06:23.000000Z,1775059583.0,47.0,0,0,1286431,1,1282263,916.344,897,15065.964
B1,baseline_indoor_los,baseline,2026-04-01T16:06:24.000000Z,1775059584.0,48.0,0,0,1300428,1,1298004,987.703,908,15294.302
B1,baseline_indoor_los,baseline,2026-04-01T16:06:25.000000Z,1775059585.0,49.0,0,0,1288633,1,1283694,922.715,898,13450.485
B1,baseline_indoor_los,baseline,2026-04-01T16:06:26.000000Z,1775059586.0,50.0,0,0,1285963,1,1283694,909.189,898,12652.719
B1,baseline_indoor_los,baseline,2026-04-01T16:06:27.000000Z,1775059587.0,51.0,0,0,1285804,1,1282263,897.09,897,15366.538
B1,baseline_indoor_los,baseline,2026-04-01T16:06:28.000000Z,1775059588.0,52.0,0,0,1285253,1,1280832,962.031,896,17585.239
B1,baseline_indoor_los,baseline,2026-04-01T16:06:29.000000Z,1775059589.0,53.0,0,0,1298808,1,1295142,932.247,906,14915.112
B1,baseline_indoor_los,baseline,2026-04-01T16:06:30.000000Z,1775059590.0,54.0,0,0,1276164,1,1272246,962.358,890,21243.861
B1,baseline_indoor_los,baseline,2026-04-01T16:06:31.000000Z,1775059591.0,55.0,0,0,1295749,1,1292280,894.923,904,15011.624
B1,baseline_indoor_los,baseline,2026-04-01T16:06:32.000000Z,1775059592.0,56.0,0,0,1285227,1,1282263,937.181,897,13862.378
B1,baseline_indoor_los,baseline,2026-04-01T16:06:33.000000Z,1775059593.0,57.0,0,0,1302767,1,1299435,910.314,909,16122.687
B1,baseline_indoor_los,baseline,2026-04-01T16:06:34.000000Z,1775059594.0,58.0,0,0,1288087,1,1283694,918.848,898,13567.335
B1,baseline_indoor_los,baseline,2026-04-01T16:06:35.000000Z,1775059595.0,59.0,0,0,1290712,1,1287987,911.809,901,16843.239
B1,baseline_indoor_los,baseline,2026-04-01T16:06:36.000000Z,1775059596.0,60.0,0,0,1297381,1,1293798,898.132,906,17027.114
B1,baseline_indoor_los,baseline,2026-04-01T16:06:37.000000Z,1775059597.0,61.0,0,0,1282916,1,1279401,897.531,895,18858.438
B1,baseline_indoor_los,baseline,2026-04-01T16:06:38.000000Z,1775059598.0,62.0,0,0,1290081,1,1286556,954.124,900,23258.22
B1,baseline_indoor_los,baseline,2026-04-01T16:06:39.000000Z,1775059599.0,63.0,0,0,1286403,1,1282263,913.449,897,17749.619
B1,baseline_indoor_los,baseline,2026-04-01T16:06:40.000000Z,1775059600.0,64.0,0,0,1295299,1,1292280,942.144,904,37056.339
B1,baseline_indoor_los,baseline,2026-04-01T16:06:41.000000Z,1775059601.0,65.0,0,0,1290243,1,1286556,926.043,900,16560.078
B1,baseline_indoor_los,baseline,2026-04-01T16:06:42.000000Z,1775059602.0,66.0,0,0,1283892,1,1279401,950.509,895,11428.775
B1,baseline_indoor_los,baseline,2026-04-01T16:06:43.000000Z,1775059603.0,67.0,0,0,1302469,1,1299435,932.079,909,15694.595
B1,baseline_indoor_los,baseline,2026-04-01T16:06:44.000000Z,1775059604.0,68.0,0,0,1286912,1,1283694,958.649,898,12963.212
B1,baseline_indoor_los,baseline,2026-04-01T16:06:45.000000Z,1775059605.0,69.0,0,0,1285848,1,1282263,953.697,897,15015.612
B1,baseline_indoor_los,baseline,2026-04-01T16:06:46.000000Z,1775059606.0,70.0,0,0,1289072,1,1285125,910.859,899,18042.629
B1,baseline_indoor_los,baseline,2026-04-01T16:06:47.000000Z,1775059607.0,71.0,0,0,1288683,1,1285125,914.848,899,14429.002
B1,baseline_indoor_los,baseline,2026-04-01T16:06:49.000000Z,1775059609.0,73.0,0,0,1290369,1,1286556,947.881,900,19388.393
B1,baseline_indoor_los,baseline,2026-04-01T16:06:50.000000Z,1775059610.0,74.0,0,0,1278669,1,1275108,968.793,892,20171.802
B1,baseline_indoor_los,baseline,2026-04-01T16:06:51.000000Z,1775059611.0,75.0,0,0,1297003,1,1293711,970.604,905,16953.026
B1,baseline_indoor_los,baseline,2026-04-01T16:06:52.000000Z,1775059612.0,76.0,0,0,1294033,1,1290849,922.707,903,17251.346
B1,baseline_indoor_los,baseline,2026-04-01T16:06:53.000000Z,1775059613.0,77.0,0,0,1303579,1,1299435,847.293,909,23347.359
B1,baseline_indoor_los,baseline,2026-04-01T16:06:54.000000Z,1775059614.0,78.0,0,0,1274767,1,1270815,952.13,889,18725.921
B1,baseline_indoor_los,baseline,2026-04-01T16:06:55.000000Z,1775059615.0,79.0,0,0,1295264,1,1292280,904.649,904,18563.567
B1,baseline_indoor_los,baseline,2026-04-01T16:06:56.000000Z,1775059616.0,80.0,0,0,1292659,1,1289418,909.552,902,19356.003
B1,baseline_indoor_los,baseline,2026-04-01T16:06:57.000000Z,1775059617.0,81.0,0,0,1285707,1,1280832,882.127,896,16373.569
B1,baseline_indoor_los,baseline,2026-04-01T16:06:58.000000Z,1775059618.0,82.0,0,0,1300197,1,1298004,914.442,908,16980.518
B1,baseline_indoor_los,baseline,2026-04-01T16:06:59.000000Z,1775059619.0,83.0,0,0,1288118,1,1283694,957.851,898,11725.883
B1,baseline_indoor_los,baseline,2026-04-01T16:07:00.000000Z,1775059620.0,84.0,0,0,1284120,1,1280832,943.99,896,11547.007
B1,baseline_indoor_los,baseline,2026-04-01T16:07:01.000000Z,1775059621.0,85.0,0,0,1291110,1,1288074,897.922,902,14498.493
B1,baseline_indoor_los,baseline,2026-04-01T16:07:02.000000Z,1775059622.0,86.0,0,0,1287350,1,1282350,912.09,898,16432.07
B1,baseline_indoor_los,baseline,2026-04-01T16:07:03.000000Z,1775059623.0,87.0,0,0,1300262,1,1298004,926.092,908,18443.983
B1,baseline_indoor_los,baseline,2026-04-01T16:07:04.000000Z,1775059624.0,88.0,0,0,1282556,1,1277970,904.785,894,13515.76
B1,baseline_indoor_los,baseline,2026-04-01T16:07:05.000000Z,1775059625.0,89.0,0,0,1294745,1,1290849,930.628,903,18960.652
B1,baseline_indoor_los,baseline,2026-04-01T16:07:06.000000Z,1775059626.0,90.0,0,0,1279425,1,1276539,868.08,893,14239.929
B1,baseline_indoor_los,baseline,2026-04-01T16:07:07.000000Z,1775059627.0,91.0,0,0,1299935,1,1296573,901.219,907,13224.334
B1,baseline_indoor_los,baseline,2026-04-01T16:07:08.000000Z,1775059628.0,92.0,0,0,1288208,1,1285125,911.843,899,17354.149
B1,baseline_indoor_los,baseline,2026-04-01T16:07:09.000000Z,1775059629.0,93.0,0,0,1288682,1,1285125,868.171,899,17296.862
B1,baseline_indoor_los,baseline,2026-04-01T16:07:10.000000Z,1775059630.0,94.0,0,0,1290667,1,1286556,919.597,900,16586.56
B1,baseline_indoor_los,baseline,2026-04-01T16:07:11.000000Z,1775059631.0,95.0,0,0,1285532,1,1282263,951.566,897,13822.756
B1,baseline_indoor_los,baseline,2026-04-01T16:07:12.000000Z,1775059632.0,96.0,0,0,1291386,1,1287987,945.829,901,13609.276
B1,baseline_indoor_los,baseline,2026-04-01T16:07:13.000000Z,1775059633.0,97.0,0,0,1296490,1,1292280,885.481,904,23227.796
B1,baseline_indoor_los,baseline,2026-04-01T16:07:14.000000Z,1775059634.0,98.0,0,0,1276125,1,1272246,943.69,890,18948.45
B1,baseline_indoor_los,baseline,2026-04-01T16:07:15.000000Z,1775059635.0,99.0,0,0,1297698,1,1295142,947.841,906,16180.99
B1,baseline_indoor_los,baseline,2026-04-01T16:07:16.000000Z,1775059636.0,100.0,0,0,1288971,1,1285125,912.344,899,13146.738
B1,baseline_indoor_los,baseline,2026-04-01T16:07:17.000000Z,1775059637.0,101.0,0,0,1289760,1,1285125,922.478,899,15042.514
B1,baseline_indoor_los,baseline,2026-04-01T16:07:18.000000Z,1775059638.0,102.0,0,0,1296018,1,1293711,966.11,905,15423.069
B1,baseline_indoor_los,baseline,2026-04-01T16:07:19.000000Z,1775059639.0,103.0,0,0,1281982,1,1277970,932.405,894,12747.83
B1,baseline_indoor_los,baseline,2026-04-01T16:07:20.000000Z,1775059640.0,104.0,0,0,1293934,1,1290849,937.467,903,18391.316
B1,baseline_indoor_los,baseline,2026-04-01T16:07:21.000000Z,1775059641.0,105.0,0,0,1295192,1,1292280,908.573,904,17704.467
B1,baseline_indoor_los,baseline,2026-04-01T16:07:22.000000Z,1775059642.0,106.0,0,0,1282444,1,1277970,931.112,894,34932.672
B1,baseline_indoor_los,baseline,2026-04-01T16:07:23.000000Z,1775059643.0,107.0,0,0,1291482,1,1287987,928.911,901,15471.409
B1,baseline_indoor_los,baseline,2026-04-01T16:07:24.000000Z,1775059644.0,108.0,0,0,1295013,1,1292280,922.877,904,15573.079
B1,baseline_indoor_los,baseline,2026-04-01T16:07:25.000000Z,1775059645.0,109.0,0,0,1289173,1,1285125,931.529,899,13147.37
B1,baseline_indoor_los,baseline,2026-04-01T16:07:26.000000Z,1775059646.0,110.0,0,0,1275535,1,1272246,986.14,890,14224.591
B1,baseline_indoor_los,baseline,2026-04-01T16:07:27.000000Z,1775059647.0,111.0,0,0,1304371,1,1300866,961.595,910,15224.035
B1,baseline_indoor_los,baseline,2026-04-01T16:07:28.000000Z,1775059648.0,112.0,0,0,1277622,1,1273677,934.832,891,13467.822
B1,baseline_indoor_los,baseline,2026-04-01T16:07:29.000000Z,1775059649.0,113.0,0,0,1296538,1,1292280,934.93,904,12524.422
B1,baseline_indoor_los,baseline,2026-04-01T16:07:30.000000Z,1775059650.0,114.0,0,0,1299146,1,1296573,912.943,907,11788.993
B1,baseline_indoor_los,baseline,2026-04-01T16:07:31.000000Z,1775059651.0,115.0,0,0,1279467,1,1275108,930.439,892,13446.231
B1,baseline_indoor_los,baseline,2026-04-01T16:07:32.000000Z,1775059652.0,116.0,0,0,1293231,1,1289418,908.633,902,22257.197
B1,baseline_indoor_los,baseline,2026-04-01T16:07:33.000000Z,1775059653.0,117.0,0,0,1291838,1,1288074,935.599,902,21553.297
B1,baseline_indoor_los,baseline,2026-04-01T16:07:34.000000Z,1775059654.0,118.0,0,0,1293710,1,1290936,946.034,904,13763.016
B2,baseline_pedestrian_nlos,baseline,2026-04-01T16:08:11.000000Z,1775059691.0,1.0,0,1,0,0,6,0.0,1,0.0
B2,baseline_pedestrian_nlos,baseline,2026-04-01T16:08:11.000000Z,1775059691.0,1.0,0,1,278,1,260,2.043,9,3.286
B2,baseline_pedestrian_nlos,baseline,2026-04-01T16:08:11.000000Z,1775059691.0,1.0,0,0,54,1,51,0.581,1,0.581
B2,baseline_pedestrian_nlos,baseline,2026-04-01T16:08:13.000000Z,1775059693.0,3.0,0,0,511516,1,510081,874.595,365,12198.612
B2,baseline_pedestrian_nlos,baseline,2026-04-01T16:08:14.000000Z,1775059694.0,4.0,0,0,1282122,1,1277143,876.617,901,17355.055
B2,baseline_pedestrian_nlos,baseline,2026-04-01T16:08:15.000000Z,1775059695.0,5.0,0,0,1298908,1,1296573,995.198,907,18998.027
B2,baseline_pedestrian_nlos,baseline,2026-04-01T16:08:16.000000Z,1775059696.0,6.0,0,0,1283549,1,1279401,917.87,895,19574.629
B2,baseline_pedestrian_nlos,baseline,2026-04-01T16:08:17.000000Z,1775059697.0,7.0,0,0,1278918,1,1275163,1044.341,893,19494.778
B2,baseline_pedestrian_nlos,baseline,2026-04-01T16:08:18.000000Z,1775059698.0,8.0,0,0,1293775,1,1289418,973.454,902,18068.173
B2,baseline_pedestrian_nlos,baseline,2026-04-01T16:08:19.000000Z,1775059699.0,9.0,0,0,1287789,1,1285125,970.123,899,16278.916
B2,baseline_pedestrian_nlos,baseline,2026-04-01T16:08:20.000000Z,1775059700.0,10.0,0,0,1300113,1,1293711,1038.488,905,22595.024
B2,baseline_pedestrian_nlos,baseline,2026-04-01T16:08:21.000000Z,1775059701.0,11.0,0,0,1301657,1,1299435,915.696,909,22743.943
B2,baseline_pedestrian_nlos,baseline,2026-04-01T16:08:22.000000Z,1775059702.0,12.0,0,0,1281176,1,1276539,1006.382,893,19109.987
B2,baseline_pedestrian_nlos,baseline,2026-04-01T16:08:23.000000Z,1775059703.0,13.0,0,0,1285545,1,1282263,1030.561,897,23713.212
B2,baseline_pedestrian_nlos,baseline,2026-04-01T16:08:24.000000Z,1775059704.0,14.0,0,0,1297287,1,1293711,937.909,905,19814.168
B2,baseline_pedestrian_nlos,baseline,2026-04-01T16:08:25.000000Z,1775059705.0,15.0,0,0,1293876,1,1289418,873.188,902,17716.764
B2,baseline_pedestrian_nlos,baseline,2026-04-01T16:08:26.000000Z,1775059706.0,16.0,0,0,1286378,1,1283694,1079.791,898,19257.795
B2,baseline_pedestrian_nlos,baseline,2026-04-01T16:08:27.000000Z,1775059707.0,17.0,0,0,1283343,1,1279401,1018.43,895,17278.722
B2,baseline_pedestrian_nlos,baseline,2026-04-01T16:08:28.000000Z,1775059708.0,18.0,0,0,1274872,1,1270815,1008.913,889,18336.987
B2,baseline_pedestrian_nlos,baseline,2026-04-01T16:08:29.000000Z,1775059709.0,19.0,0,0,1315131,1,1310883,989.047,917,21577.536
B2,baseline_pedestrian_nlos,baseline,2026-04-01T16:08:30.000000Z,1775059710.0,20.0,0,0,1276873,1,1273677,1035.711,891,22976.17
B2,baseline_pedestrian_nlos,baseline,2026-04-01T16:08:31.000000Z,1775059711.0,21.0,0,0,1305490,1,1302297,1012.071,911,26767.341
B2,baseline_pedestrian_nlos,baseline,2026-04-01T16:08:32.000000Z,1775059712.0,22.0,0,0,1288443,1,1285125,1030.845,899,23348.628
B2,baseline_pedestrian_nlos,baseline,2026-04-01T16:08:33.000000Z,1775059713.0,23.0,0,0,1287561,1,1283694,981.642,898,21865.176
B2,baseline_pedestrian_nlos,baseline,2026-04-01T16:08:34.000000Z,1775059714.0,24.0,0,0,1293980,1,1289418,1016.198,902,19159.651
B2,baseline_pedestrian_nlos,baseline,2026-04-01T16:08:35.000000Z,1775059715.0,25.0,0,0,1291898,1,1287987,1008.661,901,20509.292
B2,baseline_pedestrian_nlos,baseline,2026-04-01T16:08:36.000000Z,1775059716.0,26.0,0,0,1295274,1,1292280,991.09,904,20901.939
B2,baseline_pedestrian_nlos,baseline,2026-04-01T16:08:37.000000Z,1775059717.0,27.0,0,0,1293954,1,1290849,994.663,903,17109.134
B2,baseline_pedestrian_nlos,baseline,2026-04-01T16:08:38.000000Z,1775059718.0,28.0,0,0,1271173,1,1266522,951.449,886,170023.96
B2,baseline_pedestrian_nlos,baseline,2026-04-01T16:08:39.000000Z,1775059719.0,29.0,0,0,1146988,1,1143456,1172.651,800,153547.624
B2,baseline_pedestrian_nlos,baseline,2026-04-01T16:08:40.000000Z,1775059720.0,30.0,0,0,1442284,1,1439673,855.93,1007,54926.384
B2,baseline_pedestrian_nlos,baseline,2026-04-01T16:08:41.000000Z,1775059721.0,31.0,0,0,1270207,1,1266522,968.694,886,20916.557
B2,baseline_pedestrian_nlos,baseline,2026-04-01T16:08:42.000000Z,1775059722.0,32.0,0,0,1307415,1,1303728,965.446,912,19326.073
B2,baseline_pedestrian_nlos,baseline,2026-04-01T16:08:43.000000Z,1775059723.0,33.0,0,0,1292068,1,1287987,962.096,901,20678.35
B2,baseline_pedestrian_nlos,baseline,2026-04-01T16:08:44.000000Z,1775059724.0,34.0,0,0,1275669,1,1272246,992.419,890,23573.0
B2,baseline_pedestrian_nlos,baseline,2026-04-01T16:08:45.000000Z,1775059725.0,35.0,0,0,1293405,1,1289418,1075.702,902,20314.978
B2,baseline_pedestrian_nlos,baseline,2026-04-01T16:08:46.000000Z,1775059726.0,36.0,0,0,1297870,1,1293711,959.128,905,18798.103
B2,baseline_pedestrian_nlos,baseline,2026-04-01T16:08:47.000000Z,1775059727.0,37.0,0,0,1077700,1,1075347,968.135,753,21222.971
B2,baseline_pedestrian_nlos,baseline,2026-04-01T16:08:48.000000Z,1775059728.0,38.0,0,0,856738,1,854394,1884.921,598,778547.627
B2,baseline_pedestrian_nlos,baseline,2026-04-01T16:08:49.000000Z,1775059729.0,39.0,0,0,1286463,1,1281717,800.984,899,18299.898
B2,baseline_pedestrian_nlos,baseline,2026-04-01T16:08:50.000000Z,1775059730.0,40.0,0,0,1287105,1,1283694,916.304,898,16414.12
B2,baseline_pedestrian_nlos,baseline,2026-04-01T16:08:51.000000Z,1775059731.0,41.0,0,0,1280102,1,1277424,953.824,896,16878.402
B2,baseline_pedestrian_nlos,baseline,2026-04-01T16:08:52.000000Z,1775059732.0,42.0,0,0,1236219,1,1232178,1006.776,862,18792.462
B2,baseline_pedestrian_nlos,baseline,2026-04-01T16:08:53.000000Z,1775059733.0,43.0,0,0,1305208,1,1300866,1062.927,910,308871.346
B2,baseline_pedestrian_nlos,baseline,2026-04-01T16:08:54.000000Z,1775059734.0,44.0,0,0,1313178,1,1310610,954.71,918,16218.905
B2,baseline_pedestrian_nlos,baseline,2026-04-01T16:08:55.000000Z,1775059735.0,45.0,0,0,1278521,1,1274256,974.683,892,29975.431
B2,baseline_pedestrian_nlos,baseline,2026-04-01T16:08:56.000000Z,1775059736.0,46.0,0,0,1296715,1,1293711,951.612,905,37216.975
B2,baseline_pedestrian_nlos,baseline,2026-04-01T16:08:57.000000Z,1775059737.0,47.0,0,0,1183146,1,1179231,942.229,825,47561.279
B2,baseline_pedestrian_nlos,baseline,2026-04-01T16:08:58.000000Z,1775059738.0,48.0,0,0,680260,1,676863,2989.72,473,515207.733
B2,baseline_pedestrian_nlos,baseline,2026-04-01T16:09:00.000000Z,1775059740.0,50.0,0,0,581759,1,578211,16572.128,405,1852682.945
B2,baseline_pedestrian_nlos,baseline,2026-04-01T16:09:01.000000Z,1775059741.0,51.0,0,0,802017,1,800016,12794.684,560,1074827.104
B2,baseline_pedestrian_nlos,baseline,2026-04-01T16:09:02.000000Z,1775059742.0,52.0,0,0,1307988,1,1302297,3299.143,911,89419.963
B2,baseline_pedestrian_nlos,baseline,2026-04-01T16:09:03.000000Z,1775059743.0,53.0,0,0,1307396,1,1303728,3990.135,912,127461.515
B2,baseline_pedestrian_nlos,baseline,2026-04-01T16:09:04.000000Z,1775059744.0,54.0,0,0,1292674,1,1289418,3404.812,902,95387.067
B2,baseline_pedestrian_nlos,baseline,2026-04-01T16:09:05.000000Z,1775059745.0,55.0,0,0,931758,1,931668,5133.535,652,149563.947
L1,rlf_cycle_clean_channel,rlf_cycle,2026-04-01T16:35:38.000000Z,1775061338.0,0.0,0,1,0,0,6,0.0,1,0.0
L1,rlf_cycle_clean_channel,rlf_cycle,2026-04-01T16:35:38.000000Z,1775061338.0,0.0,0,1,144,1,136,2.562,4,3.626
L1,rlf_cycle_clean_channel,rlf_cycle,2026-04-01T16:35:39.000000Z,1775061339.0,1.0,0,1,134,1,124,2.567,5,4.188
L1,rlf_cycle_clean_channel,rlf_cycle,2026-04-01T16:35:39.000000Z,1775061339.0,1.0,0,0,54,1,51,1.323,1,1.323
L1,rlf_cycle_clean_channel,rlf_cycle,2026-04-01T16:35:40.000000Z,1775061340.0,2.0,0,0,1178316,1,1174065,535.506,829,11331.951
L1,rlf_cycle_clean_channel,rlf_cycle,2026-04-01T16:35:41.000000Z,1775061341.0,3.0,0,0,2564867,1,2557943,514.967,1797,12800.373
L1,rlf_cycle_clean_channel,rlf_cycle,2026-04-01T16:35:42.000000Z,1775061342.0,4.0,0,0,2561887,1,2554422,551.405,1786,12002.229
L1,rlf_cycle_clean_channel,rlf_cycle,2026-04-01T16:35:43.000000Z,1775061343.0,5.0,0,0,2603762,1,2597352,527.294,1816,10886.404
L1,rlf_cycle_clean_channel,rlf_cycle,2026-04-01T16:35:44.000000Z,1775061344.0,6.0,0,0,2562895,1,2555853,524.404,1787,12142.862
L1,rlf_cycle_clean_channel,rlf_cycle,2026-04-01T16:35:45.000000Z,1775061345.0,7.0,0,0,2598187,1,2590197,523.089,1811,11522.94
L1,rlf_cycle_clean_channel,rlf_cycle,2026-04-01T16:35:46.000000Z,1775061346.0,8.0,0,0,2572672,1,2565870,542.855,1794,11049.269
L1,rlf_cycle_clean_channel,rlf_cycle,2026-04-01T16:35:47.000000Z,1775061347.0,9.0,0,0,2585198,1,2578749,522.226,1803,13191.686
L1,rlf_cycle_clean_channel,rlf_cycle,2026-04-01T16:35:48.000000Z,1775061348.0,10.0,0,0,2578294,1,2571594,530.559,1798,14177.562
L1,rlf_cycle_clean_channel,rlf_cycle,2026-04-01T16:35:49.000000Z,1775061349.0,11.0,0,0,2586360,1,2578749,532.205,1803,15769.804
L1,rlf_cycle_clean_channel,rlf_cycle,2026-04-01T16:35:50.000000Z,1775061350.0,12.0,0,0,2562161,1,2554422,513.075,1786,11465.176
L1,rlf_cycle_clean_channel,rlf_cycle,2026-04-01T16:35:51.000000Z,1775061351.0,13.0,0,0,2601977,1,2595921,511.29,1815,13473.294
L1,rlf_cycle_clean_channel,rlf_cycle,2026-04-01T16:35:52.000000Z,1775061352.0,14.0,0,0,2570440,1,2563008,506.478,1792,15100.662
L1,rlf_cycle_clean_channel,rlf_cycle,2026-04-01T16:35:53.000000Z,1775061353.0,15.0,0,0,2579271,1,2571594,535.568,1798,12987.01
L1,rlf_cycle_clean_channel,rlf_cycle,2026-04-01T16:35:54.000000Z,1775061354.0,16.0,0,0,2561242,1,2554422,519.599,1786,15529.883
L1,rlf_cycle_clean_channel,rlf_cycle,2026-04-01T16:35:55.000000Z,1775061355.0,17.0,0,0,2603199,1,2595921,529.568,1815,12822.825
L1,rlf_cycle_clean_channel,rlf_cycle,2026-04-01T16:35:56.000000Z,1775061356.0,18.0,0,0,2556653,1,2550129,535.161,1783,14428.776
L1,rlf_cycle_clean_channel,rlf_cycle,2026-04-01T16:35:57.000000Z,1775061357.0,19.0,0,0,2595721,1,2588766,550.178,1810,12489.316
L1,rlf_cycle_clean_channel,rlf_cycle,2026-04-01T16:35:58.000000Z,1775061358.0,20.0,0,0,2600650,1,2594490,547.646,1814,16543.283
L1,rlf_cycle_clean_channel,rlf_cycle,2026-04-01T16:35:59.000000Z,1775061359.0,21.0,0,0,2564816,1,2557284,531.333,1788,12080.868
L1,rlf_cycle_clean_channel,rlf_cycle,2026-04-01T16:36:00.000000Z,1775061360.0,22.0,0,0,2596961,1,2590197,543.863,1811,13877.934
L1,rlf_cycle_clean_channel,rlf_cycle,2026-04-01T16:36:01.000000Z,1775061361.0,23.0,0,0,2569692,1,2561577,525.649,1791,30718.012
L1,rlf_cycle_clean_channel,rlf_cycle,2026-04-01T16:36:02.000000Z,1775061362.0,24.0,0,0,2593102,1,2587335,528.582,1809,10956.486
L1,rlf_cycle_clean_channel,rlf_cycle,2026-04-01T16:36:03.000000Z,1775061363.0,25.0,0,0,2566878,1,2558715,545.762,1789,10963.251
L1,rlf_cycle_clean_channel,rlf_cycle,2026-04-01T16:36:04.000000Z,1775061364.0,26.0,0,0,2592265,1,2585904,506.262,1808,11014.255
L1,rlf_cycle_clean_channel,rlf_cycle,2026-04-01T16:36:05.000000Z,1775061365.0,27.0,0,0,2577406,1,2570163,541.464,1797,10458.061
L1,rlf_cycle_clean_channel,rlf_cycle,2026-04-01T16:36:06.000000Z,1775061366.0,28.0,0,0,2579516,1,2573025,506.718,1799,14046.593
L1,rlf_cycle_clean_channel,rlf_cycle,2026-04-01T16:36:07.000000Z,1775061367.0,29.0,0,0,2573029,1,2565870,531.661,1794,12418.292
L1,rlf_cycle_clean_channel,rlf_cycle,2026-04-01T16:36:08.000000Z,1775061368.0,30.0,0,0,2580389,1,2573025,509.241,1799,12727.849
L1,rlf_cycle_clean_channel,rlf_cycle,2026-04-01T16:36:09.000000Z,1775061369.0,31.0,0,0,2597441,1,2590197,520.633,1811,11692.161
L1,rlf_cycle_clean_channel,rlf_cycle,2026-04-01T16:36:10.000000Z,1775061370.0,32.0,0,0,2582060,1,2574456,538.26,1800,13946.288
L1,rlf_cycle_clean_channel,rlf_cycle,2026-04-01T16:36:11.000000Z,1775061371.0,33.0,0,0,2566164,1,2560146,534.696,1790,13437.282
L1,rlf_cycle_clean_channel,rlf_cycle,2026-04-01T16:36:12.000000Z,1775061372.0,34.0,0,0,2564934,1,2557284,536.509,1788,12003.553
L1,rlf_cycle_clean_channel,rlf_cycle,2026-04-01T16:36:13.000000Z,1775061373.0,35.0,0,0,2600503,1,2593059,512.175,1813,15274.785
L1,rlf_cycle_clean_channel,rlf_cycle,2026-04-01T16:36:14.000000Z,1775061374.0,36.0,0,0,2575122,1,2568732,537.535,1796,11263.446
L1,rlf_cycle_clean_channel,rlf_cycle,2026-04-01T16:36:15.000000Z,1775061375.0,37.0,0,0,2577508,1,2570163,552.155,1797,10694.096
L1,rlf_cycle_clean_channel,rlf_cycle,2026-04-01T16:36:16.000000Z,1775061376.0,38.0,0,0,2586985,1,2580180,538.559,1804,13080.391
L1,rlf_cycle_clean_channel,rlf_cycle,2026-04-01T16:36:17.000000Z,1775061377.0,39.0,0,0,2565585,1,2558715,537.782,1789,11762.287
L1,rlf_cycle_clean_channel,rlf_cycle,2026-04-01T16:36:18.000000Z,1775061378.0,40.0,0,0,2576427,1,2568732,538.141,1796,11115.663
L1,rlf_cycle_clean_channel,rlf_cycle,2026-04-01T16:36:19.000000Z,1775061379.0,41.0,0,0,2601147,1,2594490,532.171,1814,13019.55
L1,rlf_cycle_clean_channel,rlf_cycle,2026-04-01T16:36:20.000000Z,1775061380.0,42.0,0,0,2558539,1,2551560,545.809,1784,12828.595
L1,rlf_cycle_clean_channel,rlf_cycle,2026-04-01T16:36:21.000000Z,1775061381.0,43.0,0,0,2593939,1,2585904,524.462,1808,17945.197
L1,rlf_cycle_clean_channel,rlf_cycle,2026-04-01T16:36:22.000000Z,1775061382.0,44.0,0,0,2560314,1,2552991,548.583,1785,11072.947
L1,rlf_cycle_clean_channel,rlf_cycle,2026-04-01T16:36:23.000000Z,1775061383.0,45.0,0,0,2602999,1,2595921,513.814,1815,13156.277
L1,rlf_cycle_clean_channel,rlf_cycle,2026-04-01T16:36:24.000000Z,1775061384.0,46.0,0,0,2561391,1,2554422,525.615,1786,14659.729
L1,rlf_cycle_clean_channel,rlf_cycle,2026-04-01T16:36:25.000000Z,1775061385.0,47.0,0,0,2583125,1,2574456,547.805,1800,10183.341
L1,rlf_cycle_clean_channel,rlf_cycle,2026-04-01T16:36:26.000000Z,1775061386.0,48.0,0,0,2567867,1,2561577,519.905,1791,13157.232
L1,rlf_cycle_clean_channel,rlf_cycle,2026-04-01T16:36:27.000000Z,1775061387.0,49.0,0,0,2608271,1,2601645,526.807,1819,12746.306
L1,rlf_cycle_clean_channel,rlf_cycle,2026-04-01T16:36:28.000000Z,1775061388.0,50.0,0,0,2591068,1,2583042,536.226,1806,11665.344
L1,rlf_cycle_clean_channel,rlf_cycle,2026-04-01T16:36:29.000000Z,1775061389.0,51.0,0,0,2547985,1,2541543,533.218,1777,14089.14
L1,rlf_cycle_clean_channel,rlf_cycle,2026-04-01T16:36:30.000000Z,1775061390.0,52.0,0,0,2615594,1,2608800,518.003,1824,11292.44
L1,rlf_cycle_clean_channel,rlf_cycle,2026-04-01T16:36:31.000000Z,1775061391.0,53.0,0,0,2560025,1,2552991,541.43,1785,14422.072
L1,rlf_cycle_clean_channel,rlf_cycle,2026-04-01T16:36:32.000000Z,1775061392.0,54.0,0,0,2600425,1,2593059,546.755,1813,11225.237
L1,rlf_cycle_clean_channel,rlf_cycle,2026-04-01T16:36:33.000000Z,1775061393.0,55.0,0,0,2561443,1,2554422,529.997,1786,15275.384
L1,rlf_cycle_clean_channel,rlf_cycle,2026-04-01T16:36:34.000000Z,1775061394.0,56.0,0,0,2573191,1,2565870,531.295,1794,12236.011
L1,rlf_cycle_clean_channel,rlf_cycle,2026-04-01T16:36:35.000000Z,1775061395.0,57.0,0,0,2588578,1,2583042,521.436,1806,11746.77
L1,rlf_cycle_clean_channel,rlf_cycle,2026-04-01T16:36:36.000000Z,1775061396.0,58.0,0,0,2559621,1,2552991,544.623,1785,10128.745
L1,rlf_cycle_clean_channel,rlf_cycle,2026-04-01T16:36:37.000000Z,1775061397.0,59.0,0,0,2598717,1,2591628,547.629,1812,11778.581
L1,rlf_cycle_clean_channel,rlf_cycle,2026-04-01T16:36:38.000000Z,1775061398.0,60.0,0,0,2561806,1,2554422,494.95,1786,39644.415
L1,rlf_cycle_clean_channel,rlf_cycle,2026-04-01T16:36:39.000000Z,1775061399.0,61.0,0,0,2596692,1,2590197,490.527,1811,11195.915
L1,rlf_cycle_clean_channel,rlf_cycle,2026-04-01T16:36:40.000000Z,1775061400.0,62.0,0,0,2584067,1,2575887,545.102,1801,12505.248
L1,rlf_cycle_clean_channel,rlf_cycle,2026-04-01T16:36:41.000000Z,1775061401.0,63.0,0,0,2573833,1,2567301,535.698,1795,11059.693
L1,rlf_cycle_clean_channel,rlf_cycle,2026-04-01T16:36:42.000000Z,1775061402.0,64.0,0,0,2582707,1,2575974,504.939,1802,35564.71
L1,rlf_cycle_clean_channel,rlf_cycle,2026-04-01T16:36:43.000000Z,1775061403.0,65.0,0,0,2593272,1,2585904,537.058,1808,11677.296
L1,rlf_cycle_clean_channel,rlf_cycle,2026-04-01T16:36:44.000000Z,1775061404.0,66.0,0,0,2569783,1,2563008,534.5,1792,15676.651
L1,rlf_cycle_clean_channel,rlf_cycle,2026-04-01T16:36:45.000000Z,1775061405.0,67.0,0,0,2583023,1,2575887,517.181,1801,11909.31
L1,rlf_cycle_clean_channel,rlf_cycle,2026-04-01T16:36:46.000000Z,1775061406.0,68.0,0,0,2567333,1,2560146,543.966,1790,10897.043
L1,rlf_cycle_clean_channel,rlf_cycle,2026-04-01T16:36:47.000000Z,1775061407.0,69.0,0,0,2578871,1,2571594,510.524,1798,25780.73
L1,rlf_cycle_clean_channel,rlf_cycle,2026-04-01T16:36:48.000000Z,1775061408.0,70.0,0,0,2593194,1,2585904,521.332,1808,17094.497
L1,rlf_cycle_clean_channel,rlf_cycle,2026-04-01T16:36:49.000000Z,1775061409.0,71.0,0,0,2585737,1,2578749,525.532,1803,11092.259
L1,rlf_cycle_clean_channel,rlf_cycle,2026-04-01T16:36:50.000000Z,1775061410.0,72.0,0,0,2594185,1,2587335,535.15,1809,14770.356
L1,rlf_cycle_clean_channel,rlf_cycle,2026-04-01T16:36:51.000000Z,1775061411.0,73.0,0,0,2557732,1,2550129,545.2,1783,12550.288
L1,rlf_cycle_clean_channel,rlf_cycle,2026-04-01T16:36:52.000000Z,1775061412.0,74.0,0,0,2590967,1,2584473,536.048,1807,10768.587
L1,rlf_cycle_clean_channel,rlf_cycle,2026-04-01T16:36:53.000000Z,1775061413.0,75.0,0,0,2566514,1,2558715,536.983,1789,10906.987
L1,rlf_cycle_clean_channel,rlf_cycle,2026-04-01T16:36:54.000000Z,1775061414.0,76.0,0,0,2586504,1,2580180,534.946,1804,10815.857
L1,rlf_cycle_clean_channel,rlf_cycle,2026-04-01T16:36:55.000000Z,1775061415.0,77.0,0,0,2577257,1,2570163,531.119,1797,13066.924
L1,rlf_cycle_clean_channel,rlf_cycle,2026-04-01T16:36:56.000000Z,1775061416.0,78.0,0,0,2596584,1,2588766,536.549,1810,13369.299
L1,rlf_cycle_clean_channel,rlf_cycle,2026-04-01T16:36:57.000000Z,1775061417.0,79.0,0,0,2103183,1,2097846,546.616,1466,11155.171
L1,rlf_cycle_clean_channel,rlf_cycle,2026-04-01T16:37:01.000000Z,1775061421.0,83.0,0,0,545536,1,542436,13402.874,380,4071626.605
L1,rlf_cycle_clean_channel,rlf_cycle,2026-04-01T16:37:02.000000Z,1775061422.0,84.0,0,0,2848392,1,2839191,2382.031,1985,70550.586
L1,rlf_cycle_clean_channel,rlf_cycle,2026-04-01T16:37:03.000000Z,1775061423.0,85.0,0,0,2586536,1,2580267,2339.825,1805,66293.46
L1,rlf_cycle_clean_channel,rlf_cycle,2026-04-01T16:37:04.000000Z,1775061424.0,86.0,0,0,2550880,1,2544492,2132.128,1780,56857.844
L1,rlf_cycle_clean_channel,rlf_cycle,2026-04-01T16:37:05.000000Z,1775061425.0,87.0,0,0,2586563,1,2578749,2364.268,1803,93457.526
L1,rlf_cycle_clean_channel,rlf_cycle,2026-04-01T16:37:06.000000Z,1775061426.0,88.0,0,0,2600577,1,2593146,2406.325,1814,59527.386
L1,rlf_cycle_clean_channel,rlf_cycle,2026-04-01T16:37:07.000000Z,1775061427.0,89.0,0,0,2575102,1,2568732,2581.024,1796,62092.313
L1,rlf_cycle_clean_channel,rlf_cycle,2026-04-01T16:37:08.000000Z,1775061428.0,90.0,0,0,2586514,1,2578749,2688.433,1803,67054.476
L1,rlf_cycle_clean_channel,rlf_cycle,2026-04-01T16:37:09.000000Z,1775061429.0,91.0,0,0,980625,1,980235,2485.125,685,60586.205
S1,cell_edge_cw_interference,steady_impairment,2026-04-02T08:53:10.000000Z,1775119990.0,1.0,0,1,0,0,6,0.0,1,0.0
S1,cell_edge_cw_interference,steady_impairment,2026-04-02T08:53:10.000000Z,1775119990.0,1.0,0,1,278,1,260,2.263,9,2.946
S1,cell_edge_cw_interference,steady_impairment,2026-04-02T08:53:10.000000Z,1775119990.0,1.0,0,0,54,1,51,1.022,1,1.022
S1,cell_edge_cw_interference,steady_impairment,2026-04-02T08:53:13.000000Z,1775119993.0,4.0,0,0,892,1,853,2.178,13,14.478
S1,cell_edge_cw_interference,steady_impairment,2026-04-02T08:53:14.000000Z,1775119994.0,5.0,0,0,973,1,933,10542.112,10,52731.332
S1,cell_edge_cw_interference,steady_impairment,2026-04-02T08:53:15.000000Z,1775119995.0,6.0,0,0,90,1,87,1.383,1,1.383
S1,cell_edge_cw_interference,steady_impairment,2026-04-02T08:53:16.000000Z,1775119996.0,7.0,0,0,90,1,87,2.384,1,2.384
S1,cell_edge_cw_interference,steady_impairment,2026-04-02T08:53:17.000000Z,1775119997.0,8.0,0,0,1989821,1,1983563,510.011,1389,24897.489
S1,cell_edge_cw_interference,steady_impairment,2026-04-02T08:53:18.000000Z,1775119998.0,9.0,0,0,2580389,1,2574456,651.269,1800,33943.749
S1,cell_edge_cw_interference,steady_impairment,2026-04-02T08:53:19.000000Z,1775119999.0,10.0,0,0,2599280,1,2591628,667.544,1812,34860.333
S1,cell_edge_cw_interference,steady_impairment,2026-04-02T08:53:20.000000Z,1775120000.0,11.0,0,0,2211797,1,2203827,1555.343,1541,179775.047
S1,cell_edge_cw_interference,steady_impairment,2026-04-02T08:53:21.000000Z,1775120001.0,12.0,0,0,2768892,1,2763348,779.051,1932,94655.747
S1,cell_edge_cw_interference,steady_impairment,2026-04-02T08:53:22.000000Z,1775120002.0,13.0,0,0,1937111,1,1926126,3319.84,1346,219439.609
S1,cell_edge_cw_interference,steady_impairment,2026-04-02T08:53:23.000000Z,1775120003.0,14.0,0,0,1682519,1,1681512,6939.66,1176,279905.894
S1,cell_edge_cw_interference,steady_impairment,2026-04-02T08:53:24.000000Z,1775120004.0,15.0,0,0,2009517,1,2000625,4572.722,1399,150774.881
S1,cell_edge_cw_interference,steady_impairment,2026-04-02T08:53:25.000000Z,1775120005.0,16.0,0,0,2374552,1,2374029,3100.947,1659,145757.402
S1,cell_edge_cw_interference,steady_impairment,2026-04-02T08:53:26.000000Z,1775120006.0,17.0,0,0,2565604,1,2557284,1108.011,1788,73588.765
S1,cell_edge_cw_interference,steady_impairment,2026-04-02T08:53:27.000000Z,1775120007.0,18.0,0,0,1865013,1,1860387,4876.888,1301,183362.229
S1,cell_edge_cw_interference,steady_impairment,2026-04-02T08:53:28.000000Z,1775120008.0,19.0,0,0,2822191,1,2816295,791.816,1969,120515.832
S1,cell_edge_cw_interference,steady_impairment,2026-04-02T08:53:29.000000Z,1775120009.0,20.0,0,0,2466197,1,2457114,733.985,1718,49104.376
S1,cell_edge_cw_interference,steady_impairment,2026-04-02T08:53:30.000000Z,1775120010.0,21.0,0,0,1570236,1,1565514,4269.39,1094,223355.816
S1,cell_edge_cw_interference,steady_impairment,2026-04-02T08:53:31.000000Z,1775120011.0,22.0,0,0,995670,1,983184,3013.36,688,123502.713
S1,cell_edge_cw_interference,steady_impairment,2026-04-02T08:53:32.000000Z,1775120012.0,23.0,0,0,2921157,1,2926482,10838.42,2046,1855972.025
S1,cell_edge_cw_interference,steady_impairment,2026-04-02T08:53:33.000000Z,1775120013.0,24.0,0,0,2433524,1,2422770,690.389,1694,53143.416
S1,cell_edge_cw_interference,steady_impairment,2026-04-02T08:53:34.000000Z,1775120014.0,25.0,0,0,2098188,1,2094984,4126.591,1464,147021.69
S1,cell_edge_cw_interference,steady_impairment,2026-04-02T08:53:35.000000Z,1775120015.0,26.0,0,0,2438708,1,2434305,1871.378,1703,137311.304
S1,cell_edge_cw_interference,steady_impairment,2026-04-02T08:53:36.000000Z,1775120016.0,27.0,0,0,2509347,1,2498613,725.712,1747,37434.966
S1,cell_edge_cw_interference,steady_impairment,2026-04-02T08:53:37.000000Z,1775120017.0,28.0,0,0,1725953,1,1724355,867.845,1205,122321.442
S2,rayleigh_deep_fade,steady_impairment,2026-04-01T16:29:29.000000Z,1775060969.0,0.0,0,1,0,0,6,0.0,1,0.0
S2,rayleigh_deep_fade,steady_impairment,2026-04-01T16:29:29.000000Z,1775060969.0,0.0,0,1,247,1,233,2.629,7,3.827
S2,rayleigh_deep_fade,steady_impairment,2026-04-01T16:29:30.000000Z,1775060970.0,1.0,0,1,31,1,27,3.406,2,3.707
S2,rayleigh_deep_fade,steady_impairment,2026-04-01T16:29:30.000000Z,1775060970.0,1.0,0,0,54,1,51,0.601,1,0.601
S2,rayleigh_deep_fade,steady_impairment,2026-04-01T16:29:31.000000Z,1775060971.0,2.0,0,0,562836,1,560166,814.956,400,9698.197
S2,rayleigh_deep_fade,steady_impairment,2026-04-01T16:29:32.000000Z,1775060972.0,3.0,0,0,1281891,1,1278629,885.347,903,13261.874
S2,rayleigh_deep_fade,steady_impairment,2026-04-01T16:29:33.000000Z,1775060973.0,4.0,0,0,1286425,1,1282263,896.582,897,17357.91
S2,rayleigh_deep_fade,steady_impairment,2026-04-01T16:29:34.000000Z,1775060974.0,5.0,0,0,1285588,1,1282263,919.695,897,29332.272
S2,rayleigh_deep_fade,steady_impairment,2026-04-01T16:29:35.000000Z,1775060975.0,6.0,0,0,1301879,1,1299435,946.874,909,13645.902
S2,rayleigh_deep_fade,steady_impairment,2026-04-01T16:29:36.000000Z,1775060976.0,7.0,0,0,1298715,1,1295142,868.117,906,14428.536
S2,rayleigh_deep_fade,steady_impairment,2026-04-01T16:29:37.000000Z,1775060977.0,8.0,0,0,1278245,1,1273677,920.333,891,12201.874
S2,rayleigh_deep_fade,steady_impairment,2026-04-01T16:29:38.000000Z,1775060978.0,9.0,0,0,1296316,1,1293711,957.215,905,19855.585
S2,rayleigh_deep_fade,steady_impairment,2026-04-01T16:29:39.000000Z,1775060979.0,10.0,0,0,1285574,1,1280832,983.07,896,19165.617
S2,rayleigh_deep_fade,steady_impairment,2026-04-01T16:29:40.000000Z,1775060980.0,11.0,0,0,1291790,1,1287987,919.703,901,16377.291
S2,rayleigh_deep_fade,steady_impairment,2026-04-01T16:29:41.000000Z,1775060981.0,12.0,0,0,1297371,1,1295142,923.697,906,14434.366
S2,rayleigh_deep_fade,steady_impairment,2026-04-01T16:29:42.000000Z,1775060982.0,13.0,0,0,1275261,1,1270815,912.717,889,31273.312
S2,rayleigh_deep_fade,steady_impairment,2026-04-01T16:29:43.000000Z,1775060983.0,14.0,0,0,1287529,1,1283694,987.466,898,15815.946
S2,rayleigh_deep_fade,steady_impairment,2026-04-01T16:29:44.000000Z,1775060984.0,15.0,0,0,1297833,1,1295142,890.393,906,16175.689
S2,rayleigh_deep_fade,steady_impairment,2026-04-01T16:29:45.000000Z,1775060985.0,16.0,0,0,1277844,1,1273677,923.494,891,14441.179
S2,rayleigh_deep_fade,steady_impairment,2026-04-01T16:29:46.000000Z,1775060986.0,17.0,0,0,1302160,1,1299435,931.888,909,18926.673
S2,rayleigh_deep_fade,steady_impairment,2026-04-01T16:29:47.000000Z,1775060987.0,18.0,0,0,1297546,1,1293711,960.53,905,15622.76
S2,rayleigh_deep_fade,steady_impairment,2026-04-01T16:29:48.000000Z,1775060988.0,19.0,0,0,1272695,1,1269384,989.837,888,14469.142
S2,rayleigh_deep_fade,steady_impairment,2026-04-01T16:29:49.000000Z,1775060989.0,20.0,0,0,1305682,1,1300866,999.308,910,16437.004
S2,rayleigh_deep_fade,steady_impairment,2026-04-01T16:29:50.000000Z,1775060990.0,21.0,0,0,1278510,1,1275108,921.442,892,16306.215
S2,rayleigh_deep_fade,steady_impairment,2026-04-01T16:29:51.000000Z,1775060991.0,22.0,0,0,1306300,1,1303728,925.815,912,14540.057
S2,rayleigh_deep_fade,steady_impairment,2026-04-01T16:29:52.000000Z,1775060992.0,23.0,0,0,1285035,1,1280832,838.613,896,13403.943
S2,rayleigh_deep_fade,steady_impairment,2026-04-01T16:29:53.000000Z,1775060993.0,24.0,0,0,1291608,1,1287987,966.664,901,13358.707
S2,rayleigh_deep_fade,steady_impairment,2026-04-01T16:29:54.000000Z,1775060994.0,25.0,0,0,1282968,1,1279401,928.632,895,12615.548
S2,rayleigh_deep_fade,steady_impairment,2026-04-01T16:29:55.000000Z,1775060995.0,26.0,0,0,1291588,1,1287987,927.014,901,16416.584
S2,rayleigh_deep_fade,steady_impairment,2026-04-01T16:29:56.000000Z,1775060996.0,27.0,0,0,1299188,1,1295142,987.724,906,17070.093
S2,rayleigh_deep_fade,steady_impairment,2026-04-01T16:29:57.000000Z,1775060997.0,28.0,0,0,1279376,1,1276539,978.13,893,16024.191
S2,rayleigh_deep_fade,steady_impairment,2026-04-01T16:29:58.000000Z,1775060998.0,29.0,0,0,1298994,1,1295142,912.879,906,19093.219
S2,rayleigh_deep_fade,steady_impairment,2026-04-01T16:29:59.000000Z,1775060999.0,30.0,0,0,1282867,1,1279401,972.55,895,18076.522
S2,rayleigh_deep_fade,steady_impairment,2026-04-01T16:30:00.000000Z,1775061000.0,31.0,0,0,1282427,1,1279401,957.36,895,21033.158
S2,rayleigh_deep_fade,steady_impairment,2026-04-01T16:30:01.000000Z,1775061001.0,32.0,0,0,1287100,1,1282263,981.006,897,39880.02
S2,rayleigh_deep_fade,steady_impairment,2026-04-01T16:30:02.000000Z,1775061002.0,33.0,0,0,1310230,1,1308021,1047.628,915,23553.737
S2,rayleigh_deep_fade,steady_impairment,2026-04-01T16:30:03.000000Z,1775061003.0,34.0,0,0,1281106,1,1276539,962.969,893,19198.9
S2,rayleigh_deep_fade,steady_impairment,2026-04-01T16:30:04.000000Z,1775061004.0,35.0,0,0,1295373,1,1292280,981.968,904,15833.309
S2,rayleigh_deep_fade,steady_impairment,2026-04-01T16:30:05.000000Z,1775061005.0,36.0,0,0,1277909,1,1273677,936.473,891,16557.922
S2,rayleigh_deep_fade,steady_impairment,2026-04-01T16:30:06.000000Z,1775061006.0,37.0,0,0,1291101,1,1287987,966.838,901,25581.871
S2,rayleigh_deep_fade,steady_impairment,2026-04-01T16:30:07.000000Z,1775061007.0,38.0,0,0,1274019,1,1270815,1002.5,889,20388.956
S2,rayleigh_deep_fade,steady_impairment,2026-04-01T16:30:08.000000Z,1775061008.0,39.0,0,0,1316916,1,1313745,921.083,919,22706.399
S2,rayleigh_deep_fade,steady_impairment,2026-04-01T16:30:09.000000Z,1775061009.0,40.0,0,0,1286488,1,1282263,902.649,897,14873.298
S2,rayleigh_deep_fade,steady_impairment,2026-04-01T16:30:10.000000Z,1775061010.0,41.0,0,0,1298904,1,1295142,1033.951,906,21263.765
S2,rayleigh_deep_fade,steady_impairment,2026-04-01T16:30:11.000000Z,1775061011.0,42.0,0,0,1286470,1,1283694,975.612,898,18120.505
S2,rayleigh_deep_fade,steady_impairment,2026-04-01T16:30:12.000000Z,1775061012.0,43.0,0,0,1285751,1,1280832,993.309,896,20819.973
S2,rayleigh_deep_fade,steady_impairment,2026-04-01T16:30:13.000000Z,1775061013.0,44.0,0,0,1301691,1,1299435,923.317,909,18828.247
S2,rayleigh_deep_fade,steady_impairment,2026-04-01T16:30:14.000000Z,1775061014.0,45.0,0,0,1267225,1,1263660,1007.676,884,17682.825
S2,rayleigh_deep_fade,steady_impairment,2026-04-01T16:30:16.000000Z,1775061016.0,47.0,0,0,1281399,1,1277970,980.52,894,42692.151
S2,rayleigh_deep_fade,steady_impairment,2026-04-01T16:30:17.000000Z,1775061017.0,48.0,0,0,1298100,1,1293711,871.693,905,18961.74
S2,rayleigh_deep_fade,steady_impairment,2026-04-01T16:30:18.000000Z,1775061018.0,49.0,0,0,1295600,1,1292280,900.642,904,13573.545
S2,rayleigh_deep_fade,steady_impairment,2026-04-01T16:30:19.000000Z,1775061019.0,50.0,0,0,1285302,1,1280832,965.16,896,14633.824
S2,rayleigh_deep_fade,steady_impairment,2026-04-01T16:30:20.000000Z,1775061020.0,51.0,0,0,1305339,1,1302297,929.162,911,16852.531
S2,rayleigh_deep_fade,steady_impairment,2026-04-01T16:30:21.000000Z,1775061021.0,52.0,0,0,1290681,1,1286556,931.014,900,31825.589
S2,rayleigh_deep_fade,steady_impairment,2026-04-01T16:30:22.000000Z,1775061022.0,53.0,0,0,1296397,1,1293711,923.229,905,12147.972
S2,rayleigh_deep_fade,steady_impairment,2026-04-01T16:30:23.000000Z,1775061023.0,54.0,0,0,1278043,1,1273677,961.249,891,17120.64
S2,rayleigh_deep_fade,steady_impairment,2026-04-01T16:30:24.000000Z,1775061024.0,55.0,0,0,1306553,1,1303728,979.966,912,15586.02
S2,rayleigh_deep_fade,steady_impairment,2026-04-01T16:30:25.000000Z,1775061025.0,56.0,0,0,1274805,1,1270815,901.535,889,12737.349
S2,rayleigh_deep_fade,steady_impairment,2026-04-01T16:30:26.000000Z,1775061026.0,57.0,0,0,1296640,1,1293711,956.281,905,14681.465
S2,rayleigh_deep_fade,steady_impairment,2026-04-01T16:30:27.000000Z,1775061027.0,58.0,0,0,1289466,1,1285125,964.701,899,15725.334
S2,rayleigh_deep_fade,steady_impairment,2026-04-01T16:30:28.000000Z,1775061028.0,59.0,0,0,1288969,1,1286556,929.586,900,12873.577
S2,rayleigh_deep_fade,steady_impairment,2026-04-01T16:30:29.000000Z,1775061029.0,60.0,0,0,1277200,1,1273677,938.491,891,15843.328
S2,rayleigh_deep_fade,steady_impairment,2026-04-01T16:30:30.000000Z,1775061030.0,61.0,0,0,1310192,1,1306590,839.584,914,15451.064
S2,rayleigh_deep_fade,steady_impairment,2026-04-01T16:30:31.000000Z,1775061031.0,62.0,0,0,1284134,1,1279401,908.547,895,13017.891
S2,rayleigh_deep_fade,steady_impairment,2026-04-01T16:30:32.000000Z,1775061032.0,63.0,0,0,1279584,1,1276539,918.972,893,15644.15
S2,rayleigh_deep_fade,steady_impairment,2026-04-01T16:30:33.000000Z,1775061033.0,64.0,0,0,1299684,1,1296573,957.822,907,13864.496
S2,rayleigh_deep_fade,steady_impairment,2026-04-01T16:30:34.000000Z,1775061034.0,65.0,0,0,1285928,1,1282437,896.402,899,36598.287
S2,rayleigh_deep_fade,steady_impairment,2026-04-01T16:30:35.000000Z,1775061035.0,66.0,0,0,1290211,1,1285212,956.052,900,13114.414
S2,rayleigh_deep_fade,steady_impairment,2026-04-01T16:30:36.000000Z,1775061036.0,67.0,0,0,1300296,1,1298004,981.247,908,14210.582
S2,rayleigh_deep_fade,steady_impairment,2026-04-01T16:30:37.000000Z,1775061037.0,68.0,0,0,1290963,1,1286556,909.153,900,12112.324
S2,rayleigh_deep_fade,steady_impairment,2026-04-01T16:30:38.000000Z,1775061038.0,69.0,0,0,1284957,1,1282263,922.894,897,15142.108
S2,rayleigh_deep_fade,steady_impairment,2026-04-01T16:30:39.000000Z,1775061039.0,70.0,0,0,1267665,1,1263660,908.947,884,16467.361
S2,rayleigh_deep_fade,steady_impairment,2026-04-01T16:30:40.000000Z,1775061040.0,71.0,0,0,1317723,1,1313745,984.174,919,16376.148
S2,rayleigh_deep_fade,steady_impairment,2026-04-01T16:30:41.000000Z,1775061041.0,72.0,0,0,1277650,1,1273677,950.186,891,15718.29
S2,rayleigh_deep_fade,steady_impairment,2026-04-01T16:30:42.000000Z,1775061042.0,73.0,0,0,1297476,1,1295142,994.816,906,15268.608
S2,rayleigh_deep_fade,steady_impairment,2026-04-01T16:30:43.000000Z,1775061043.0,74.0,0,0,1293495,1,1289418,895.448,902,15458.267
S2,rayleigh_deep_fade,steady_impairment,2026-04-01T16:30:44.000000Z,1775061044.0,75.0,0,0,1288171,1,1285125,917.983,899,15434.173
S2,rayleigh_deep_fade,steady_impairment,2026-04-01T16:30:45.000000Z,1775061045.0,76.0,0,0,1294394,1,1289418,953.024,902,16216.946
S2,rayleigh_deep_fade,steady_impairment,2026-04-01T16:30:46.000000Z,1775061046.0,77.0,0,0,1275502,1,1272246,931.186,890,13567.603
S2,rayleigh_deep_fade,steady_impairment,2026-04-01T16:30:47.000000Z,1775061047.0,78.0,0,0,1299594,1,1296573,961.745,907,13867.552
S2,rayleigh_deep_fade,steady_impairment,2026-04-01T16:30:48.000000Z,1775061048.0,79.0,0,0,1291275,1,1287987,1006.271,901,18234.05
S2,rayleigh_deep_fade,steady_impairment,2026-04-01T16:30:49.000000Z,1775061049.0,80.0,0,0,1263226,1,1259367,1004.014,881,36093.31
S2,rayleigh_deep_fade,steady_impairment,2026-04-01T16:30:50.000000Z,1775061050.0,81.0,0,0,1325264,1,1322331,936.559,925,28056.383
S2,rayleigh_deep_fade,steady_impairment,2026-04-01T16:30:51.000000Z,1775061051.0,82.0,0,0,1278471,1,1273677,902.068,891,20364.77
S2,rayleigh_deep_fade,steady_impairment,2026-04-01T16:30:52.000000Z,1775061052.0,83.0,0,0,1295497,1,1292280,925.084,904,19927.531
S2,rayleigh_deep_fade,steady_impairment,2026-04-01T16:30:53.000000Z,1775061053.0,84.0,0,0,1288186,1,1285125,945.314,899,19235.199
S2,rayleigh_deep_fade,steady_impairment,2026-04-01T16:30:54.000000Z,1775061054.0,85.0,0,0,1297192,1,1293711,927.676,905,19103.609
S2,rayleigh_deep_fade,steady_impairment,2026-04-01T16:30:55.000000Z,1775061055.0,86.0,0,0,1289790,1,1286556,959.208,900,20470.841
S2,rayleigh_deep_fade,steady_impairment,2026-04-01T16:30:56.000000Z,1775061056.0,87.0,0,0,1300134,1,1296573,955.74,907,17652.608
S2,rayleigh_deep_fade,steady_impairment,2026-04-01T16:30:57.000000Z,1775061057.0,88.0,0,0,1271664,1,1267953,931.366,887,22768.868
S2,rayleigh_deep_fade,steady_impairment,2026-04-01T16:30:58.000000Z,1775061058.0,89.0,0,0,1298535,1,1295142,984.716,906,14754.874
S2,rayleigh_deep_fade,steady_impairment,2026-04-01T16:30:59.000000Z,1775061059.0,90.0,0,0,1296254,1,1292280,895.894,904,13530.012
S2,rayleigh_deep_fade,steady_impairment,2026-04-01T16:31:00.000000Z,1775061060.0,91.0,0,0,1283509,1,1279401,884.921,895,14560.045
S2,rayleigh_deep_fade,steady_impairment,2026-04-01T16:31:01.000000Z,1775061061.0,92.0,0,0,1292379,1,1289505,957.546,903,13233.96
S2,rayleigh_deep_fade,steady_impairment,2026-04-01T16:31:02.000000Z,1775061062.0,93.0,0,0,1286906,1,1282350,923.555,898,15917.449
S2,rayleigh_deep_fade,steady_impairment,2026-04-01T16:31:03.000000Z,1775061063.0,94.0,0,0,1285009,1,1282263,992.279,897,17173.32
S2,rayleigh_deep_fade,steady_impairment,2026-04-01T16:31:04.000000Z,1775061064.0,95.0,0,0,1289508,1,1285125,958.579,899,16921.733
S2,rayleigh_deep_fade,steady_impairment,2026-04-01T16:31:05.000000Z,1775061065.0,96.0,0,0,1301371,1,1298004,921.261,908,13929.509
S2,rayleigh_deep_fade,steady_impairment,2026-04-01T16:31:06.000000Z,1775061066.0,97.0,0,0,1281237,1,1277970,958.377,894,13901.436
S2,rayleigh_deep_fade,steady_impairment,2026-04-01T16:31:07.000000Z,1775061067.0,98.0,0,0,1290481,1,1286556,917.316,900,13937.083
S2,rayleigh_deep_fade,steady_impairment,2026-04-01T16:31:08.000000Z,1775061068.0,99.0,0,0,1295985,1,1292280,911.493,904,14027.775
S2,rayleigh_deep_fade,steady_impairment,2026-04-01T16:31:09.000000Z,1775061069.0,100.0,0,0,1284134,1,1280832,920.678,896,16627.355
S2,rayleigh_deep_fade,steady_impairment,2026-04-01T16:31:10.000000Z,1775061070.0,101.0,0,0,1300695,1,1298004,942.485,908,14652.69
S2,rayleigh_deep_fade,steady_impairment,2026-04-01T16:31:11.000000Z,1775061071.0,102.0,0,0,1276820,1,1272246,869.855,890,13031.176
S2,rayleigh_deep_fade,steady_impairment,2026-04-01T16:31:12.000000Z,1775061072.0,103.0,0,0,1295774,1,1292280,941.944,904,13124.022
S2,rayleigh_deep_fade,steady_impairment,2026-04-01T16:31:13.000000Z,1775061073.0,104.0,0,0,1289631,1,1286556,901.336,900,11655.768
S2,rayleigh_deep_fade,steady_impairment,2026-04-01T16:31:14.000000Z,1775061074.0,105.0,0,0,1294490,1,1290849,924.539,903,15625.735
S2,rayleigh_deep_fade,steady_impairment,2026-04-01T16:31:15.000000Z,1775061075.0,106.0,0,0,1282116,1,1277970,873.018,894,33246.383
S2,rayleigh_deep_fade,steady_impairment,2026-04-01T16:31:16.000000Z,1775061076.0,107.0,0,0,1301830,1,1299435,928.917,909,14024.71
S2,rayleigh_deep_fade,steady_impairment,2026-04-01T16:31:17.000000Z,1775061077.0,108.0,0,0,1291590,1,1287987,910.708,901,14622.723
S2,rayleigh_deep_fade,steady_impairment,2026-04-01T16:31:18.000000Z,1775061078.0,109.0,0,0,1272739,1,1267953,921.902,887,15159.261
S2,rayleigh_deep_fade,steady_impairment,2026-04-01T16:31:19.000000Z,1775061079.0,110.0,0,0,1306966,1,1303728,933.427,912,15521.578
S2,rayleigh_deep_fade,steady_impairment,2026-04-01T16:31:20.000000Z,1775061080.0,111.0,0,0,1290768,1,1287987,948.482,901,16371.039
S2,rayleigh_deep_fade,steady_impairment,2026-04-01T16:31:21.000000Z,1775061081.0,112.0,0,0,1269967,1,1266522,949.601,886,18493.041
S2,rayleigh_deep_fade,steady_impairment,2026-04-01T16:31:22.000000Z,1775061082.0,113.0,0,0,1295971,1,1292280,920.248,904,15533.229
S2,rayleigh_deep_fade,steady_impairment,2026-04-01T16:31:23.000000Z,1775061083.0,114.0,0,0,1301905,1,1298004,890.669,908,14910.509
S2,rayleigh_deep_fade,steady_impairment,2026-04-01T16:31:24.000000Z,1775061084.0,115.0,0,0,1280620,1,1277970,879.807,894,12123.455
S2,rayleigh_deep_fade,steady_impairment,2026-04-01T16:31:25.000000Z,1775061085.0,116.0,0,0,1292476,1,1287987,920.438,901,15844.74
S2,rayleigh_deep_fade,steady_impairment,2026-04-01T16:31:26.000000Z,1775061086.0,117.0,0,0,1288538,1,1285125,954.092,899,18986.908
S2,rayleigh_deep_fade,steady_impairment,2026-04-01T16:31:27.000000Z,1775061087.0,118.0,0,0,1280227,1,1276539,989.203,893,20667.233
T1,driveby_vehicular_epa,time_varying,2026-04-02T08:27:12.000000Z,1775118432.0,1.0,0,1,0,0,6,0.0,1,0.0
T1,driveby_vehicular_epa,time_varying,2026-04-02T08:27:12.000000Z,1775118432.0,1.0,0,1,268,1,252,2.696,8,4.188
T1,driveby_vehicular_epa,time_varying,2026-04-02T08:27:13.000000Z,1775118433.0,2.0,0,1,10,1,8,2.685,1,2.685
T1,driveby_vehicular_epa,time_varying,2026-04-02T08:27:13.000000Z,1775118433.0,2.0,0,0,54,1,51,1.152,1,1.152
T1,driveby_vehicular_epa,time_varying,2026-04-02T08:27:14.000000Z,1775118434.0,3.0,0,0,212180,1,211002,384.306,156,9801.145
T1,driveby_vehicular_epa,time_varying,2026-04-02T08:27:15.000000Z,1775118435.0,4.0,0,0,3202182,1,3193252,632.936,2240,77553.726
T1,driveby_vehicular_epa,time_varying,2026-04-02T08:27:16.000000Z,1775118436.0,5.0,0,0,2755557,1,2744867,2058.985,1921,198763.651
T1,driveby_vehicular_epa,time_varying,2026-04-02T08:27:18.000000Z,1775118438.0,7.0,0,0,2435306,1,2425632,3420.673,1696,123651.756
T1,driveby_vehicular_epa,time_varying,2026-04-02T08:27:19.000000Z,1775118439.0,8.0,0,0,2522918,1,2522940,2998.287,1764,105866.288
T1,driveby_vehicular_epa,time_varying,2026-04-02T08:27:20.000000Z,1775118440.0,9.0,0,0,3509335,1,3500313,548.293,2447,43424.139
T1,driveby_vehicular_epa,time_varying,2026-04-02T08:27:21.000000Z,1775118441.0,10.0,0,0,3047729,1,3035238,650.473,2122,91905.449
T1,driveby_vehicular_epa,time_varying,2026-04-02T08:27:22.000000Z,1775118442.0,11.0,0,0,2614252,1,2611662,2002.039,1826,111277.355
T1,driveby_vehicular_epa,time_varying,2026-04-02T08:27:23.000000Z,1775118443.0,12.0,0,0,2962053,1,2949378,1531.194,2062,157304.788
T1,driveby_vehicular_epa,time_varying,2026-04-02T08:27:24.000000Z,1775118444.0,13.0,0,0,3101998,1,3099633,1185.144,2167,122160.908
T1,driveby_vehicular_epa,time_varying,2026-04-02T08:27:25.000000Z,1775118445.0,14.0,0,0,3031229,1,3018066,1004.506,2110,78073.951
T1,driveby_vehicular_epa,time_varying,2026-04-02T08:27:26.000000Z,1775118446.0,15.0,0,0,2248842,1,2243895,4001.568,1569,186593.044
T1,driveby_vehicular_epa,time_varying,2026-04-02T08:27:27.000000Z,1775118447.0,16.0,0,0,2482498,1,2475717,3463.118,1731,220142.106
T1,driveby_vehicular_epa,time_varying,2026-04-02T08:27:28.000000Z,1775118448.0,17.0,0,0,3141515,1,3136839,1395.168,2193,139623.994
T1,driveby_vehicular_epa,time_varying,2026-04-02T08:27:29.000000Z,1775118449.0,18.0,0,0,3208363,1,3199803,444.973,2237,9827.812
T1,driveby_vehicular_epa,time_varying,2026-04-02T08:27:30.000000Z,1775118450.0,19.0,0,0,2719583,1,2711745,2112.929,1895,72888.084
T1,driveby_vehicular_epa,time_varying,2026-04-02T08:27:31.000000Z,1775118451.0,20.0,0,0,2765271,1,2759142,2265.314,1930,206870.093
T1,driveby_vehicular_epa,time_varying,2026-04-02T08:27:32.000000Z,1775118452.0,21.0,0,0,3458190,1,3448797,427.924,2411,24378.825
T1,driveby_vehicular_epa,time_varying,2026-04-02T08:27:33.000000Z,1775118453.0,22.0,0,0,2441678,1,2435649,2364.955,1703,133618.398
T1,driveby_vehicular_epa,time_varying,2026-04-02T08:27:34.000000Z,1775118454.0,23.0,0,0,3480957,1,3471693,448.348,2427,29096.408
T1,driveby_vehicular_epa,time_varying,2026-04-02T08:27:35.000000Z,1775118455.0,24.0,0,0,3201626,1,3192648,478.873,2232,26088.494
T1,driveby_vehicular_epa,time_varying,2026-04-02T08:27:36.000000Z,1775118456.0,25.0,0,0,3210642,1,3202665,581.253,2239,25378.557
T1,driveby_vehicular_epa,time_varying,2026-04-02T08:27:37.000000Z,1775118457.0,26.0,0,0,2904961,1,2897775,1408.895,2025,101699.93
T1,driveby_vehicular_epa,time_varying,2026-04-02T08:27:38.000000Z,1775118458.0,27.0,0,0,3309387,1,3300060,499.829,2308,81025.001
T1,driveby_vehicular_epa,time_varying,2026-04-02T08:27:39.000000Z,1775118459.0,28.0,0,0,2829381,1,2816208,1380.63,1968,96272.844
T1,driveby_vehicular_epa,time_varying,2026-04-02T08:27:40.000000Z,1775118460.0,29.0,0,0,2494574,1,2491458,2920.905,1742,182084.529
T1,driveby_vehicular_epa,time_varying,2026-04-02T08:27:41.000000Z,1775118461.0,30.0,0,0,2897206,1,2890707,1884.348,2021,141325.655
T1,driveby_vehicular_epa,time_varying,2026-04-02T08:27:42.000000Z,1775118462.0,31.0,0,0,2278715,1,2272515,3179.229,1589,204855.574
T1,driveby_vehicular_epa,time_varying,2026-04-02T08:27:43.000000Z,1775118463.0,32.0,0,0,2551675,1,2544318,2374.241,1778,121467.879
T1,driveby_vehicular_epa,time_varying,2026-04-02T08:27:44.000000Z,1775118464.0,33.0,0,0,2256862,1,2251050,3782.522,1574,230721.952
T1,driveby_vehicular_epa,time_varying,2026-04-02T08:27:45.000000Z,1775118465.0,34.0,0,0,2589410,1,2584386,1623.95,1806,147742.134
T1,driveby_vehicular_epa,time_varying,2026-04-02T08:27:46.000000Z,1775118466.0,35.0,0,0,3090989,1,3079599,1136.997,2153,69064.739
T1,driveby_vehicular_epa,time_varying,2026-04-02T08:27:47.000000Z,1775118467.0,36.0,0,0,2569080,1,2565870,2536.291,1794,95620.319
T1,driveby_vehicular_epa,time_varying,2026-04-02T08:27:48.000000Z,1775118468.0,37.0,0,0,3057150,1,3049548,1278.42,2132,203131.681
T1,driveby_vehicular_epa,time_varying,2026-04-02T08:27:49.000000Z,1775118469.0,38.0,0,0,3127663,1,3118236,986.251,2180,150093.337
T1,driveby_vehicular_epa,time_varying,2026-04-02T08:27:50.000000Z,1775118470.0,39.0,0,0,2276819,1,2268222,3664.841,1586,142484.389
T1,driveby_vehicular_epa,time_varying,2026-04-02T08:27:51.000000Z,1775118471.0,40.0,0,0,2376513,1,2372685,3208.179,1659,136352.304
T1,driveby_vehicular_epa,time_varying,2026-04-02T08:27:52.000000Z,1775118472.0,41.0,0,0,3495385,1,3487434,498.322,2438,43184.347
T1,driveby_vehicular_epa,time_varying,2026-04-02T08:27:53.000000Z,1775118473.0,42.0,0,0,2723417,1,2710401,1771.378,1895,135396.288
T1,driveby_vehicular_epa,time_varying,2026-04-02T08:27:54.000000Z,1775118474.0,43.0,0,0,2357732,1,2352651,3654.277,1645,135500.343
T1,driveby_vehicular_epa,time_varying,2026-04-02T08:27:55.000000Z,1775118475.0,44.0,0,0,2046719,1,2043555,4249.979,1429,171732.839
T1,driveby_vehicular_epa,time_varying,2026-04-02T08:27:56.000000Z,1775118476.0,45.0,0,0,2807537,1,2799123,2870.183,1957,83635.681
T1,driveby_vehicular_epa,time_varying,2026-04-02T08:27:57.000000Z,1775118477.0,46.0,0,0,2844601,1,2840535,1892.994,1985,133655.269
T1,driveby_vehicular_epa,time_varying,2026-04-02T08:27:58.000000Z,1775118478.0,47.0,0,0,3391072,1,3381540,471.827,2364,24278.858
T1,driveby_vehicular_epa,time_varying,2026-04-02T08:27:59.000000Z,1775118479.0,48.0,0,0,3265647,1,3257043,464.847,2277,23076.25
T1,driveby_vehicular_epa,time_varying,2026-04-02T08:28:00.000000Z,1775118480.0,49.0,0,0,3225531,1,3216975,458.129,2249,22722.02
T1,driveby_vehicular_epa,time_varying,2026-04-02T08:28:01.000000Z,1775118481.0,50.0,0,0,3188860,1,3181200,446.978,2224,12665.778
T1,driveby_vehicular_epa,time_varying,2026-04-02T08:28:02.000000Z,1775118482.0,51.0,0,0,3204633,1,3195510,447.906,2234,10160.95
T1,driveby_vehicular_epa,time_varying,2026-04-02T08:28:03.000000Z,1775118483.0,52.0,0,0,3279512,1,3271353,474.154,2287,28046.215
T1,driveby_vehicular_epa,time_varying,2026-04-02T08:28:04.000000Z,1775118484.0,53.0,0,0,3078717,1,3069582,1006.148,2146,99946.148
T1,driveby_vehicular_epa,time_varying,2026-04-02T08:28:05.000000Z,1775118485.0,54.0,0,0,2871968,1,2859225,1242.433,1999,101610.935
T1,driveby_vehicular_epa,time_varying,2026-04-02T08:28:06.000000Z,1775118486.0,55.0,0,0,2835347,1,2829174,2810.966,1978,99463.366
T1,driveby_vehicular_epa,time_varying,2026-04-02T08:28:07.000000Z,1775118487.0,56.0,0,0,3097488,1,3092391,1137.634,2161,140561.729
T1,driveby_vehicular_epa,time_varying,2026-04-02T08:28:08.000000Z,1775118488.0,57.0,0,0,3024921,1,3012342,1079.519,2106,93685.577
T1,driveby_vehicular_epa,time_varying,2026-04-02T08:28:09.000000Z,1775118489.0,58.0,0,0,3071137,1,3063858,1183.607,2142,132958.843
T1,driveby_vehicular_epa,time_varying,2026-04-02T08:28:10.000000Z,1775118490.0,59.0,0,0,2883144,1,2874966,1696.503,2010,134579.864
T1,driveby_vehicular_epa,time_varying,2026-04-02T08:28:11.000000Z,1775118491.0,60.0,0,0,2553192,1,2545836,3327.59,1780,97057.786
T1,driveby_vehicular_epa,time_varying,2026-04-02T08:28:12.000000Z,1775118492.0,61.0,0,0,2409660,1,2405598,3634.418,1682,168770.676
T1,driveby_vehicular_epa,time_varying,2026-04-02T08:28:13.000000Z,1775118493.0,62.0,0,0,2310907,1,2303910,3693.52,1610,103147.232
T1,driveby_vehicular_epa,time_varying,2026-04-02T08:28:14.000000Z,1775118494.0,63.0,0,0,2892915,1,2889276,1967.689,2020,85087.856
T1,driveby_vehicular_epa,time_varying,2026-04-02T08:28:15.000000Z,1775118495.0,64.0,0,0,3410400,1,3401574,511.392,2378,25262.723
T1,driveby_vehicular_epa,time_varying,2026-04-02T08:28:16.000000Z,1775118496.0,65.0,0,0,3049451,1,3038100,648.914,2124,65034.138
T1,driveby_vehicular_epa,time_varying,2026-04-02T08:28:17.000000Z,1775118497.0,66.0,0,0,2267346,1,2262411,3527.087,1581,152531.93
T1,driveby_vehicular_epa,time_varying,2026-04-02T08:28:18.000000Z,1775118498.0,67.0,0,0,2909315,1,2897862,1591.168,2026,94425.831
T1,driveby_vehicular_epa,time_varying,2026-04-02T08:28:19.000000Z,1775118499.0,68.0,0,0,3019046,1,3016635,1315.357,2109,105663.554
T1,driveby_vehicular_epa,time_varying,2026-04-02T08:28:20.000000Z,1775118500.0,69.0,0,0,3371296,1,3362937,524.927,2351,25002.935
T1,driveby_vehicular_epa,time_varying,2026-04-02T08:28:21.000000Z,1775118501.0,70.0,0,0,3193729,1,3184062,615.102,2226,50445.806
T1,driveby_vehicular_epa,time_varying,2026-04-02T08:28:22.000000Z,1775118502.0,71.0,0,0,3255808,1,3248457,534.09,2271,39285.007
T1,driveby_vehicular_epa,time_varying,2026-04-02T08:28:23.000000Z,1775118503.0,72.0,0,0,3048385,1,3033807,514.19,2121,41286.747
T1,driveby_vehicular_epa,time_varying,2026-04-02T08:28:24.000000Z,1775118504.0,73.0,0,0,2980637,1,2977998,1896.008,2082,141084.881
T1,driveby_vehicular_epa,time_varying,2026-04-02T08:28:25.000000Z,1775118505.0,74.0,0,0,2696520,1,2687505,1944.572,1879,86780.537
T1,driveby_vehicular_epa,time_varying,2026-04-02T08:28:26.000000Z,1775118506.0,75.0,0,0,2277235,1,2272428,3648.598,1588,99687.248
T1,driveby_vehicular_epa,time_varying,2026-04-02T08:28:27.000000Z,1775118507.0,76.0,0,0,3412411,1,3404436,487.032,2380,90974.178
T1,driveby_vehicular_epa,time_varying,2026-04-02T08:28:28.000000Z,1775118508.0,77.0,0,0,3198737,1,3191217,445.173,2231,11021.443
T1,driveby_vehicular_epa,time_varying,2026-04-02T08:28:29.000000Z,1775118509.0,78.0,0,0,3255387,1,3245595,456.688,2269,23992.077
T1,driveby_vehicular_epa,time_varying,2026-04-02T08:28:30.000000Z,1775118510.0,79.0,0,0,1063695,1,1049010,2197.014,734,290247.247
T1,driveby_vehicular_epa,time_varying,2026-04-02T08:28:31.000000Z,1775118511.0,80.0,0,0,1937296,1,1941954,14060.926,1358,1229081.559
T1,driveby_vehicular_epa,time_varying,2026-04-02T08:28:32.000000Z,1775118512.0,81.0,0,0,2943172,1,2937930,2011.375,2054,149554.963
T1,driveby_vehicular_epa,time_varying,2026-04-02T08:28:33.000000Z,1775118513.0,82.0,0,0,3186052,1,3174711,541.527,2221,96133.578
T1,driveby_vehicular_epa,time_varying,2026-04-02T08:28:34.000000Z,1775118514.0,83.0,0,0,2748955,1,2740539,1815.999,1917,193911.64
T1,driveby_vehicular_epa,time_varying,2026-04-02T08:28:35.000000Z,1775118515.0,84.0,0,0,2421738,1,2413911,3337.004,1689,145198.934
T1,driveby_vehicular_epa,time_varying,2026-04-02T08:28:36.000000Z,1775118516.0,85.0,0,0,1968154,1,1964763,3457.803,1373,88122.426
T2,driveby_epa_interference,time_varying,2026-04-01T16:13:20.000000Z,1775060000.0,0.0,0,1,0,0,6,0.0,1,0.0
T2,driveby_epa_interference,time_varying,2026-04-01T16:13:20.000000Z,1775060000.0,0.0,0,1,35,1,33,15.49,1,15.49
T2,driveby_epa_interference,time_varying,2026-04-01T16:13:21.000000Z,1775060001.0,1.0,0,1,216,1,200,2093.025,6,12545.633
T2,driveby_epa_interference,time_varying,2026-04-01T16:13:52.000000Z,1775060032.0,32.0,0,1,31,1,27,2.5,2,2.735
