scenario_id,label,category,timestamp_utc,timestamp_unix,relative_s,bytes,cnt,duUeIndex
B1,baseline_indoor_los,baseline,2026-04-01T16:05:36.000000Z,1775059536.0,0.0,291,12,0
B1,baseline_indoor_los,baseline,2026-04-01T16:05:37.000000Z,1775059537.0,1.0,102,4,0
B1,baseline_indoor_los,baseline,2026-04-01T16:05:38.000000Z,1775059538.0,2.0,513078,58,0
B1,baseline_indoor_los,baseline,2026-04-01T16:05:39.000000Z,1775059539.0,3.0,969646,82,0
B1,baseline_indoor_los,baseline,2026-04-01T16:05:40.000000Z,1775059540.0,4.0,909917,79,0
B1,baseline_indoor_los,baseline,2026-04-01T16:05:41.000000Z,1775059541.0,5.0,976269,80,0
B1,baseline_indoor_los,baseline,2026-04-01T16:05:42.000000Z,1775059542.0,6.0,999749,79,0
B1,baseline_indoor_los,baseline,2026-04-01T16:05:43.000000Z,1775059543.0,7.0,986895,81,0
B1,baseline_indoor_los,baseline,2026-04-01T16:05:44.000000Z,1775059544.0,8.0,1013046,80,0
B1,baseline_indoor_los,baseline,2026-04-01T16:05:45.000000Z,1775059545.0,9.0,1005764,82,0
B1,baseline_indoor_los,baseline,2026-04-01T16:05:46.000000Z,1775059546.0,10.0,990798,81,0
B1,baseline_indoor_los,baseline,2026-04-01T16:05:48.000000Z,1775059548.0,12.0,1893213,155,0
B1,baseline_indoor_los,baseline,2026-04-01T16:05:49.000000Z,1775059549.0,13.0,949961,84,0
B1,baseline_indoor_los,baseline,2026-04-01T16:05:50.000000Z,1775059550.0,14.0,954102,80,0
B1,baseline_indoor_los,baseline,2026-04-01T16:05:51.000000Z,1775059551.0,15.0,1008710,80,0
B1,baseline_indoor_los,baseline,2026-04-01T16:05:52.000000Z,1775059552.0,16.0,974590,79,0
B1,baseline_indoor_los,baseline,2026-04-01T16:05:53.000000Z,1775059553.0,17.0,1024436,84,0
B1,baseline_indoor_los,baseline,2026-04-01T16:05:54.000000Z,1775059554.0,18.0,962765,77,0
B1,baseline_indoor_los,baseline,2026-04-01T16:05:55.000000Z,1775059555.0,19.0,914672,77,0
B1,baseline_indoor_los,baseline,2026-04-01T16:05:56.000000Z,1775059556.0,20.0,937467,80,0
B1,baseline_indoor_los,baseline,2026-04-01T16:05:57.000000Z,1775059557.0,21.0,896499,77,0
B1,baseline_indoor_los,baseline,2026-04-01T16:05:58.000000Z,1775059558.0,22.0,1002676,81,0
B1,baseline_indoor_los,baseline,2026-04-01T16:05:59.000000Z,1775059559.0,23.0,1033821,81,0
B1,baseline_indoor_los,baseline,2026-04-01T16:06:00.000000Z,1775059560.0,24.0,951055,78,0
B1,baseline_indoor_los,baseline,2026-04-01T16:06:01.000000Z,1775059561.0,25.0,931084,78,0
B1,baseline_indoor_los,baseline,2026-04-01T16:06:02.000000Z,1775059562.0,26.0,1050890,83,0
B1,baseline_indoor_los,baseline,2026-04-01T16:06:04.000000Z,1775059564.0,28.0,1877423,157,0
B1,baseline_indoor_los,baseline,2026-04-01T16:06:05.000000Z,1775059565.0,29.0,1017371,85,0
B1,baseline_indoor_los,baseline,2026-04-01T16:06:06.000000Z,1775059566.0,30.0,970593,79,0
B1,baseline_indoor_los,baseline,2026-04-01T16:06:07.000000Z,1775059567.0,31.0,940161,74,0
B1,baseline_indoor_los,baseline,2026-04-01T16:06:08.000000Z,1775059568.0,32.0,1005241,85,0
B1,baseline_indoor_los,baseline,2026-04-01T16:06:09.000000Z,1775059569.0,33.0,1007802,82,0
B1,baseline_indoor_los,baseline,2026-04-01T16:06:10.000000Z,1775059570.0,34.0,1009019,78,0
B1,baseline_indoor_los,baseline,2026-04-01T16:06:11.000000Z,1775059571.0,35.0,979860,80,0
B1,baseline_indoor_los,baseline,2026-04-01T16:06:12.000000Z,1775059572.0,36.0,916824,76,0
B1,baseline_indoor_los,baseline,2026-04-01T16:06:13.000000Z,1775059573.0,37.0,1060997,73,0
B1,baseline_indoor_los,baseline,2026-04-01T16:06:14.000000Z,1775059574.0,38.0,954024,73,0
B1,baseline_indoor_los,baseline,2026-04-01T16:06:15.000000Z,1775059575.0,39.0,914614,74,0
B1,baseline_indoor_los,baseline,2026-04-01T16:06:16.000000Z,1775059576.0,40.0,987240,78,0
B1,baseline_indoor_los,baseline,2026-04-01T16:06:17.000000Z,1775059577.0,41.0,994886,79,0
B1,baseline_indoor_los,baseline,2026-04-01T16:06:18.000000Z,1775059578.0,42.0,937404,77,0
B1,baseline_indoor_los,baseline,2026-04-01T16:06:20.000000Z,1775059580.0,44.0,1917450,157,0
B1,baseline_indoor_los,baseline,2026-04-01T16:06:21.000000Z,1775059581.0,45.0,1044195,80,0
B1,baseline_indoor_los,baseline,2026-04-01T16:06:22.000000Z,1775059582.0,46.0,978892,79,0
B1,baseline_indoor_los,baseline,2026-04-01T16:06:23.000000Z,1775059583.0,47.0,969883,80,0
B1,baseline_indoor_los,baseline,2026-04-01T16:06:24.000000Z,1775059584.0,48.0,948449,74,0
B1,baseline_indoor_los,baseline,2026-04-01T16:06:25.000000Z,1775059585.0,49.0,953952,78,0
B1,baseline_indoor_los,baseline,2026-04-01T16:06:26.000000Z,1775059586.0,50.0,1023116,83,0
B1,baseline_indoor_los,baseline,2026-04-01T16:06:27.000000Z,1775059587.0,51.0,956684,80,0
B1,baseline_indoor_los,baseline,2026-04-01T16:06:28.000000Z,1775059588.0,52.0,998491,82,0
B1,baseline_indoor_los,baseline,2026-04-01T16:06:29.000000Z,1775059589.0,53.0,945403,77,0
B1,baseline_indoor_los,baseline,2026-04-01T16:06:30.000000Z,1775059590.0,54.0,917520,75,0
B1,baseline_indoor_los,baseline,2026-04-01T16:06:31.000000Z,1775059591.0,55.0,990051,80,0
B1,baseline_indoor_los,baseline,2026-04-01T16:06:32.000000Z,1775059592.0,56.0,962927,76,0
B1,baseline_indoor_los,baseline,2026-04-01T16:06:33.000000Z,1775059593.0,57.0,960590,78,0
B1,baseline_indoor_los,baseline,2026-04-01T16:06:34.000000Z,1775059594.0,58.0,903457,76,0
B1,baseline_indoor_los,baseline,2026-04-01T16:06:36.000000Z,1775059596.0,60.0,1917703,156,0
B1,baseline_indoor_los,baseline,2026-04-01T16:06:37.000000Z,1775059597.0,61.0,974469,80,0
B1,baseline_indoor_los,baseline,2026-04-01T16:06:38.000000Z,1775059598.0,62.0,923773,76,0
B1,baseline_indoor_los,baseline,2026-04-01T16:06:39.000000Z,1775059599.0,63.0,977507,86,0
B1,baseline_indoor_los,baseline,2026-04-01T16:06:40.000000Z,1775059600.0,64.0,969744,76,0
B1,baseline_indoor_los,baseline,2026-04-01T16:06:41.000000Z,1775059601.0,65.0,921459,77,0
B1,baseline_indoor_los,baseline,2026-04-01T16:06:42.000000Z,1775059602.0,66.0,936988,80,0
B1,baseline_indoor_los,baseline,2026-04-01T16:06:43.000000Z,1775059603.0,67.0,977763,79,0
B1,baseline_indoor_los,baseline,2026-04-01T16:06:44.000000Z,1775059604.0,68.0,943598,79,0
B1,baseline_indoor_los,baseline,2026-04-01T16:06:45.000000Z,1775059605.0,69.0,933798,79,0
B1,baseline_indoor_los,baseline,2026-04-01T16:06:46.000000Z,1775059606.0,70.0,876807,75,0
B1,baseline_indoor_los,baseline,2026-04-01T16:06:47.000000Z,1775059607.0,71.0,957401,78,0
B1,baseline_indoor_los,baseline,2026-04-01T16:06:49.000000Z,1775059609.0,73.0,969625,81,0
B1,baseline_indoor_los,baseline,2026-04-01T16:06:50.000000Z,1775059610.0,74.0,999049,81,0
B1,baseline_indoor_los,baseline,2026-04-01T16:06:51.000000Z,1775059611.0,75.0,944843,72,0
B1,baseline_indoor_los,baseline,2026-04-01T16:06:53.000000Z,1775059613.0,77.0,2033030,167,0
B1,baseline_indoor_los,baseline,2026-04-01T16:06:54.000000Z,1775059614.0,78.0,985388,79,0
B1,baseline_indoor_los,baseline,2026-04-01T16:06:55.000000Z,1775059615.0,79.0,945055,78,0
B1,baseline_indoor_los,baseline,2026-04-01T16:06:56.000000Z,1775059616.0,80.0,977966,80,0
B1,baseline_indoor_los,baseline,2026-04-01T16:06:57.000000Z,1775059617.0,81.0,949731,78,0
B1,baseline_indoor_los,baseline,2026-04-01T16:06:58.000000Z,1775059618.0,82.0,1047369,84,0
B1,baseline_indoor_los,baseline,2026-04-01T16:06:59.000000Z,1775059619.0,83.0,922769,77,0
B1,baseline_indoor_los,baseline,2026-04-01T16:07:00.000000Z,1775059620.0,84.0,967033,80,0
B1,baseline_indoor_los,baseline,2026-04-01T16:07:01.000000Z,1775059621.0,85.0,987121,77,0
B1,baseline_indoor_los,baseline,2026-04-01T16:07:02.000000Z,1775059622.0,86.0,1011827,85,0
B1,baseline_indoor_los,baseline,2026-04-01T16:07:03.000000Z,1775059623.0,87.0,946597,75,0
B1,baseline_indoor_los,baseline,2026-04-01T16:07:04.000000Z,1775059624.0,88.0,900362,75,0
B1,baseline_indoor_los,baseline,2026-04-01T16:07:05.000000Z,1775059625.0,89.0,1014786,83,0
B1,baseline_indoor_los,baseline,2026-04-01T16:07:06.000000Z,1775059626.0,90.0,986816,81,0
B1,baseline_indoor_los,baseline,2026-04-01T16:07:07.000000Z,1775059627.0,91.0,992699,77,0
B1,baseline_indoor_los,baseline,2026-04-01T16:07:09.000000Z,1775059629.0,93.0,1944912,165,0
B1,baseline_indoor_los,baseline,2026-04-01T16:07:10.000000Z,1775059630.0,94.0,945256,78,0
B1,baseline_indoor_los,baseline,2026-04-01T16:07:11.000000Z,1775059631.0,95.0,1017918,80,0
B1,baseline_indoor_los,baseline,2026-04-01T16:07:12.000000Z,1775059632.0,96.0,856123,73,0
B1,baseline_indoor_los,baseline,2026-04-01T16:07:13.000000Z,1775059633.0,97.0,1084825,83,0
B1,baseline_indoor_los,baseline,2026-04-01T16:07:14.000000Z,1775059634.0,98.0,971809,78,0
B1,baseline_indoor_los,baseline,2026-04-01T16:07:15.000000Z,1775059635.0,99.0,1023676,79,0
B1,baseline_indoor_los,baseline,2026-04-01T16:07:16.000000Z,1775059636.0,100.0,897936,77,0
B1,baseline_indoor_los,baseline,2026-04-01T16:07:17.000000Z,1775059637.0,101.0,966474,79,0
B1,baseline_indoor_los,baseline,2026-04-01T16:07:18.000000Z,1775059638.0,102.0,982545,75,0
B1,baseline_indoor_los,baseline,2026-04-01T16:07:19.000000Z,1775059639.0,103.0,946536,80,0
B1,baseline_indoor_los,baseline,2026-04-01T16:07:20.000000Z,1775059640.0,104.0,973599,78,0
B1,baseline_indoor_los,baseline,2026-04-01T16:07:21.000000Z,1775059641.0,105.0,958492,80,0
B1,baseline_indoor_los,baseline,2026-04-01T16:07:22.000000Z,1775059642.0,106.0,1028487,77,0
B1,baseline_indoor_los,baseline,2026-04-01T16:07:23.000000Z,1775059643.0,107.0,932016,76,0
B1,baseline_indoor_los,baseline,2026-04-01T16:07:25.000000Z,1775059645.0,109.0,1961407,157,0
B1,baseline_indoor_los,baseline,2026-04-01T16:07:26.000000Z,1775059646.0,110.0,962675,75,0
B1,baseline_indoor_los,baseline,2026-04-01T16:07:27.000000Z,1775059647.0,111.0,933834,77,0
B1,baseline_indoor_los,baseline,2026-04-01T16:07:28.000000Z,1775059648.0,112.0,950095,74,0
B1,baseline_indoor_los,baseline,2026-04-01T16:07:29.000000Z,1775059649.0,113.0,949984,76,0
B1,baseline_indoor_los,baseline,2026-04-01T16:07:30.000000Z,1775059650.0,114.0,924672,79,0
B1,baseline_indoor_los,baseline,2026-04-01T16:07:31.000000Z,1775059651.0,115.0,968356,84,0
B1,baseline_indoor_los,baseline,2026-04-01T16:07:32.000000Z,1775059652.0,116.0,933044,78,0
B1,baseline_indoor_los,baseline,2026-04-01T16:07:33.000000Z,1775059653.0,117.0,1073453,80,0
B1,baseline_indoor_los,baseline,2026-04-01T16:07:34.000000Z,1775059654.0,118.0,945374,75,0
B2,baseline_pedestrian_nlos,baseline,2026-04-01T16:08:11.000000Z,1775059691.0,1.0,365,14,0
B2,baseline_pedestrian_nlos,baseline,2026-04-01T16:08:13.000000Z,1775059693.0,3.0,434032,47,0
B2,baseline_pedestrian_nlos,baseline,2026-04-01T16:08:14.000000Z,1775059694.0,4.0,1055674,70,0
B2,baseline_pedestrian_nlos,baseline,2026-04-01T16:08:15.000000Z,1775059695.0,5.0,1167883,61,0
B2,baseline_pedestrian_nlos,baseline,2026-04-01T16:08:16.000000Z,1775059696.0,6.0,1033601,62,0
B2,baseline_pedestrian_nlos,baseline,2026-04-01T16:08:17.000000Z,1775059697.0,7.0,1060042,53,0
B2,baseline_pedestrian_nlos,baseline,2026-04-01T16:08:18.000000Z,1775059698.0,8.0,1111002,58,0
B2,baseline_pedestrian_nlos,baseline,2026-04-01T16:08:19.000000Z,1775059699.0,9.0,1122324,55,0
B2,baseline_pedestrian_nlos,baseline,2026-04-01T16:08:20.000000Z,1775059700.0,10.0,1161484,58,0
B2,baseline_pedestrian_nlos,baseline,2026-04-01T16:08:21.000000Z,1775059701.0,11.0,1439636,75,0
B2,baseline_pedestrian_nlos,baseline,2026-04-01T16:08:22.000000Z,1775059702.0,12.0,1107686,56,0
B2,baseline_pedestrian_nlos,baseline,2026-04-01T16:08:24.000000Z,1775059704.0,14.0,2619116,133,0
B2,baseline_pedestrian_nlos,baseline,2026-04-01T16:08:25.000000Z,1775059705.0,15.0,1220432,66,0
B2,baseline_pedestrian_nlos,baseline,2026-04-01T16:08:26.000000Z,1775059706.0,16.0,1178969,54,0
B2,baseline_pedestrian_nlos,baseline,2026-04-01T16:08:27.000000Z,1775059707.0,17.0,1224215,59,0
B2,baseline_pedestrian_nlos,baseline,2026-04-01T16:08:28.000000Z,1775059708.0,18.0,1221599,58,0
B2,baseline_pedestrian_nlos,baseline,2026-04-01T16:08:29.000000Z,1775059709.0,19.0,1181423,59,0
B2,baseline_pedestrian_nlos,baseline,2026-04-01T16:08:30.000000Z,1775059710.0,20.0,1108737,54,0
B2,baseline_pedestrian_nlos,baseline,2026-04-01T16:08:31.000000Z,1775059711.0,21.0,1209089,64,0
B2,baseline_pedestrian_nlos,baseline,2026-04-01T16:08:32.000000Z,1775059712.0,22.0,1214206,58,0
B2,baseline_pedestrian_nlos,baseline,2026-04-01T16:08:33.000000Z,1775059713.0,23.0,1133241,59,0
B2,baseline_pedestrian_nlos,baseline,2026-04-01T16:08:34.000000Z,1775059714.0,24.0,1142861,58,0
B2,baseline_pedestrian_nlos,baseline,2026-04-01T16:08:35.000000Z,1775059715.0,25.0,1149098,60,0
B2,baseline_pedestrian_nlos,baseline,2026-04-01T16:08:36.000000Z,1775059716.0,26.0,1175407,62,0
B2,baseline_pedestrian_nlos,baseline,2026-04-01T16:08:37.000000Z,1775059717.0,27.0,1123813,66,0
B2,baseline_pedestrian_nlos,baseline,2026-04-01T16:08:38.000000Z,1775059718.0,28.0,3153518,57,0
B2,baseline_pedestrian_nlos,baseline,2026-04-01T16:08:40.000000Z,1775059720.0,30.0,4572585,104,0
B2,baseline_pedestrian_nlos,baseline,2026-04-01T16:08:41.000000Z,1775059721.0,31.0,1164535,61,0
B2,baseline_pedestrian_nlos,baseline,2026-04-01T16:08:42.000000Z,1775059722.0,32.0,1198779,64,0
B2,baseline_pedestrian_nlos,baseline,2026-04-01T16:08:43.000000Z,1775059723.0,33.0,1298257,60,0
B2,baseline_pedestrian_nlos,baseline,2026-04-01T16:08:44.000000Z,1775059724.0,34.0,1304418,62,0
B2,baseline_pedestrian_nlos,baseline,2026-04-01T16:08:45.000000Z,1775059725.0,35.0,1167936,51,0
B2,baseline_pedestrian_nlos,baseline,2026-04-01T16:08:46.000000Z,1775059726.0,36.0,1344973,63,0
B2,baseline_pedestrian_nlos,baseline,2026-04-01T16:08:47.000000Z,1775059727.0,37.0,1073950,55,0
B2,baseline_pedestrian_nlos,baseline,2026-04-01T16:08:48.000000Z,1775059728.0,38.0,3913460,26,0
B2,baseline_pedestrian_nlos,baseline,2026-04-01T16:08:49.000000Z,1775059729.0,39.0,1521882,72,0
B2,baseline_pedestrian_nlos,baseline,2026-04-01T16:08:50.000000Z,1775059730.0,40.0,1253178,65,0
B2,baseline_pedestrian_nlos,baseline,2026-04-01T16:08:51.000000Z,1775059731.0,41.0,1196352,65,0
B2,baseline_pedestrian_nlos,baseline,2026-04-01T16:08:52.000000Z,1775059732.0,42.0,1190576,54,0
B2,baseline_pedestrian_nlos,baseline,2026-04-01T16:08:53.000000Z,1775059733.0,43.0,4324082,44,0
B2,baseline_pedestrian_nlos,baseline,2026-04-01T16:08:54.000000Z,1775059734.0,44.0,1328176,65,0
B2,baseline_pedestrian_nlos,baseline,2026-04-01T16:08:56.000000Z,1775059736.0,46.0,2463639,129,0
B2,baseline_pedestrian_nlos,baseline,2026-04-01T16:08:57.000000Z,1775059737.0,47.0,1194692,52,0
B2,baseline_pedestrian_nlos,baseline,2026-04-01T16:08:58.000000Z,1775059738.0,48.0,5306773,20,0
B2,baseline_pedestrian_nlos,baseline,2026-04-01T16:09:00.000000Z,1775059740.0,50.0,5600000,8,0
B2,baseline_pedestrian_nlos,baseline,2026-04-01T16:09:01.000000Z,1775059741.0,51.0,6681152,16,0
B2,baseline_pedestrian_nlos,baseline,2026-04-01T16:09:02.000000Z,1775059742.0,52.0,2100660,58,0
B2,baseline_pedestrian_nlos,baseline,2026-04-01T16:09:03.000000Z,1775059743.0,53.0,1753287,54,0
B2,baseline_pedestrian_nlos,baseline,2026-04-01T16:09:04.000000Z,1775059744.0,54.0,2045357,52,0
B2,baseline_pedestrian_nlos,baseline,2026-04-01T16:09:05.000000Z,1775059745.0,55.0,1769145,56,0
B2,baseline_pedestrian_nlos,baseline,2026-04-01T16:09:06.000000Z,1775059746.0,56.0,14030,5,0
L1,rlf_cycle_clean_channel,rlf_cycle,2026-04-01T16:35:38.000000Z,1775061338.0,0.0,164,7,0
L1,rlf_cycle_clean_channel,rlf_cycle,2026-04-01T16:35:39.000000Z,1775061339.0,1.0,229,9,0
L1,rlf_cycle_clean_channel,rlf_cycle,2026-04-01T16:35:40.000000Z,1775061340.0,2.0,939846,48,0
L1,rlf_cycle_clean_channel,rlf_cycle,2026-04-01T16:35:41.000000Z,1775061341.0,3.0,2131531,80,0
L1,rlf_cycle_clean_channel,rlf_cycle,2026-04-01T16:35:42.000000Z,1775061342.0,4.0,2015637,68,0
L1,rlf_cycle_clean_channel,rlf_cycle,2026-04-01T16:35:43.000000Z,1775061343.0,5.0,2075389,73,0
L1,rlf_cycle_clean_channel,rlf_cycle,2026-04-01T16:35:44.000000Z,1775061344.0,6.0,2047899,77,0
L1,rlf_cycle_clean_channel,rlf_cycle,2026-04-01T16:35:45.000000Z,1775061345.0,7.0,2003355,74,0
L1,rlf_cycle_clean_channel,rlf_cycle,2026-04-01T16:35:46.000000Z,1775061346.0,8.0,1935522,65,0
L1,rlf_cycle_clean_channel,rlf_cycle,2026-04-01T16:35:48.000000Z,1775061348.0,10.0,4159707,144,0
L1,rlf_cycle_clean_channel,rlf_cycle,2026-04-01T16:35:49.000000Z,1775061349.0,11.0,2111693,71,0
L1,rlf_cycle_clean_channel,rlf_cycle,2026-04-01T16:35:50.000000Z,1775061350.0,12.0,2077748,78,0
L1,rlf_cycle_clean_channel,rlf_cycle,2026-04-01T16:35:51.000000Z,1775061351.0,13.0,2190388,77,0
L1,rlf_cycle_clean_channel,rlf_cycle,2026-04-01T16:35:52.000000Z,1775061352.0,14.0,2214096,75,0
L1,rlf_cycle_clean_channel,rlf_cycle,2026-04-01T16:35:53.000000Z,1775061353.0,15.0,1969578,69,0
L1,rlf_cycle_clean_channel,rlf_cycle,2026-04-01T16:35:54.000000Z,1775061354.0,16.0,2236433,63,0
L1,rlf_cycle_clean_channel,rlf_cycle,2026-04-01T16:35:55.000000Z,1775061355.0,17.0,2089838,59,0
L1,rlf_cycle_clean_channel,rlf_cycle,2026-04-01T16:35:56.000000Z,1775061356.0,18.0,2195837,55,0
L1,rlf_cycle_clean_channel,rlf_cycle,2026-04-01T16:35:57.000000Z,1775061357.0,19.0,2172680,44,0
L1,rlf_cycle_clean_channel,rlf_cycle,2026-04-01T16:35:58.000000Z,1775061358.0,20.0,2131544,52,0
L1,rlf_cycle_clean_channel,rlf_cycle,2026-04-01T16:35:59.000000Z,1775061359.0,21.0,2108843,66,0
L1,rlf_cycle_clean_channel,rlf_cycle,2026-04-01T16:36:00.000000Z,1775061360.0,22.0,2089292,64,0
L1,rlf_cycle_clean_channel,rlf_cycle,2026-04-01T16:36:01.000000Z,1775061361.0,23.0,2126957,65,0
L1,rlf_cycle_clean_channel,rlf_cycle,2026-04-01T16:36:02.000000Z,1775061362.0,24.0,2099618,73,0
L1,rlf_cycle_clean_channel,rlf_cycle,2026-04-01T16:36:03.000000Z,1775061363.0,25.0,2015365,67,0
L1,rlf_cycle_clean_channel,rlf_cycle,2026-04-01T16:36:05.000000Z,1775061365.0,27.0,4122541,144,0
L1,rlf_cycle_clean_channel,rlf_cycle,2026-04-01T16:36:06.000000Z,1775061366.0,28.0,2045376,70,0
L1,rlf_cycle_clean_channel,rlf_cycle,2026-04-01T16:36:07.000000Z,1775061367.0,29.0,2137389,72,0
L1,rlf_cycle_clean_channel,rlf_cycle,2026-04-01T16:36:08.000000Z,1775061368.0,30.0,2171582,76,0
L1,rlf_cycle_clean_channel,rlf_cycle,2026-04-01T16:36:09.000000Z,1775061369.0,31.0,2053870,73,0
L1,rlf_cycle_clean_channel,rlf_cycle,2026-04-01T16:36:10.000000Z,1775061370.0,32.0,1982109,67,0
L1,rlf_cycle_clean_channel,rlf_cycle,2026-04-01T16:36:11.000000Z,1775061371.0,33.0,2017223,69,0
L1,rlf_cycle_clean_channel,rlf_cycle,2026-04-01T16:36:12.000000Z,1775061372.0,34.0,2122898,73,0
L1,rlf_cycle_clean_channel,rlf_cycle,2026-04-01T16:36:13.000000Z,1775061373.0,35.0,2103847,74,0
L1,rlf_cycle_clean_channel,rlf_cycle,2026-04-01T16:36:14.000000Z,1775061374.0,36.0,1957136,65,0
L1,rlf_cycle_clean_channel,rlf_cycle,2026-04-01T16:36:15.000000Z,1775061375.0,37.0,2025385,67,0
L1,rlf_cycle_clean_channel,rlf_cycle,2026-04-01T16:36:16.000000Z,1775061376.0,38.0,2004639,67,0
L1,rlf_cycle_clean_channel,rlf_cycle,2026-04-01T16:36:17.000000Z,1775061377.0,39.0,2015427,68,0
L1,rlf_cycle_clean_channel,rlf_cycle,2026-04-01T16:36:18.000000Z,1775061378.0,40.0,1966421,65,0
L1,rlf_cycle_clean_channel,rlf_cycle,2026-04-01T16:36:19.000000Z,1775061379.0,41.0,2036255,71,0
L1,rlf_cycle_clean_channel,rlf_cycle,2026-04-01T16:36:21.000000Z,1775061381.0,43.0,4082146,141,0
L1,rlf_cycle_clean_channel,rlf_cycle,2026-04-01T16:36:22.000000Z,1775061382.0,44.0,1982932,63,0
L1,rlf_cycle_clean_channel,rlf_cycle,2026-04-01T16:36:23.000000Z,1775061383.0,45.0,2094191,76,0
L1,rlf_cycle_clean_channel,rlf_cycle,2026-04-01T16:36:24.000000Z,1775061384.0,46.0,2151962,77,0
L1,rlf_cycle_clean_channel,rlf_cycle,2026-04-01T16:36:25.000000Z,1775061385.0,47.0,2001231,64,0
L1,rlf_cycle_clean_channel,rlf_cycle,2026-04-01T16:36:26.000000Z,1775061386.0,48.0,2282399,70,0
L1,rlf_cycle_clean_channel,rlf_cycle,2026-04-01T16:36:27.000000Z,1775061387.0,49.0,2093336,66,0
L1,rlf_cycle_clean_channel,rlf_cycle,2026-04-01T16:36:28.000000Z,1775061388.0,50.0,1950923,67,0
L1,rlf_cycle_clean_channel,rlf_cycle,2026-04-01T16:36:29.000000Z,1775061389.0,51.0,1985711,70,0
L1,rlf_cycle_clean_channel,rlf_cycle,2026-04-01T16:36:30.000000Z,1775061390.0,52.0,2076730,75,0
L1,rlf_cycle_clean_channel,rlf_cycle,2026-04-01T16:36:31.000000Z,1775061391.0,53.0,2003323,69,0
L1,rlf_cycle_clean_channel,rlf_cycle,2026-04-01T16:36:32.000000Z,1775061392.0,54.0,1935861,65,0
L1,rlf_cycle_clean_channel,rlf_cycle,2026-04-01T16:36:33.000000Z,1775061393.0,55.0,1967980,71,0
L1,rlf_cycle_clean_channel,rlf_cycle,2026-04-01T16:36:34.000000Z,1775061394.0,56.0,1981663,68,0
L1,rlf_cycle_clean_channel,rlf_cycle,2026-04-01T16:36:35.000000Z,1775061395.0,57.0,2142122,73,0
L1,rlf_cycle_clean_channel,rlf_cycle,2026-04-01T16:36:37.000000Z,1775061397.0,59.0,3910336,128,0
L1,rlf_cycle_clean_channel,rlf_cycle,2026-04-01T16:36:38.000000Z,1775061398.0,60.0,2387147,80,0
L1,rlf_cycle_clean_channel,rlf_cycle,2026-04-01T16:36:39.000000Z,1775061399.0,61.0,2265533,77,0
L1,rlf_cycle_clean_channel,rlf_cycle,2026-04-01T16:36:40.000000Z,1775061400.0,62.0,1930911,63,0
L1,rlf_cycle_clean_channel,rlf_cycle,2026-04-01T16:36:41.000000Z,1775061401.0,63.0,2082621,69,0
L1,rlf_cycle_clean_channel,rlf_cycle,2026-04-01T16:36:42.000000Z,1775061402.0,64.0,2514429,74,0
L1,rlf_cycle_clean_channel,rlf_cycle,2026-04-01T16:36:43.000000Z,1775061403.0,65.0,1976125,68,0
L1,rlf_cycle_clean_channel,rlf_cycle,2026-04-01T16:36:44.000000Z,1775061404.0,66.0,2143383,74,0
L1,rlf_cycle_clean_channel,rlf_cycle,2026-04-01T16:36:45.000000Z,1775061405.0,67.0,2185244,77,0
L1,rlf_cycle_clean_channel,rlf_cycle,2026-04-01T16:36:46.000000Z,1775061406.0,68.0,1958863,65,0
L1,rlf_cycle_clean_channel,rlf_cycle,2026-04-01T16:36:47.000000Z,1775061407.0,69.0,2329210,76,0
L1,rlf_cycle_clean_channel,rlf_cycle,2026-04-01T16:36:48.000000Z,1775061408.0,70.0,2073084,74,0
L1,rlf_cycle_clean_channel,rlf_cycle,2026-04-01T16:36:49.000000Z,1775061409.0,71.0,2085523,75,0
L1,rlf_cycle_clean_channel,rlf_cycle,2026-04-01T16:36:50.000000Z,1775061410.0,72.0,2023977,69,0
L1,rlf_cycle_clean_channel,rlf_cycle,2026-04-01T16:36:51.000000Z,1775061411.0,73.0,2077710,72,0
L1,rlf_cycle_clean_channel,rlf_cycle,2026-04-01T16:36:53.000000Z,1775061413.0,75.0,4035367,135,0
L1,rlf_cycle_clean_channel,rlf_cycle,2026-04-01T16:36:54.000000Z,1775061414.0,76.0,2092933,69,0
L1,rlf_cycle_clean_channel,rlf_cycle,2026-04-01T16:36:55.000000Z,1775061415.0,77.0,1964559,66,0
L1,rlf_cycle_clean_channel,rlf_cycle,2026-04-01T16:36:56.000000Z,1775061416.0,78.0,2155746,70,0
L1,rlf_cycle_clean_channel,rlf_cycle,2026-04-01T16:36:57.000000Z,1775061417.0,79.0,1584520,53,0
L1,rlf_cycle_clean_channel,rlf_cycle,2026-04-01T16:37:01.000000Z,1775061421.0,83.0,6300000,9,0
L1,rlf_cycle_clean_channel,rlf_cycle,2026-04-01T16:37:02.000000Z,1775061422.0,84.0,13262587,49,0
L1,rlf_cycle_clean_channel,rlf_cycle,2026-04-01T16:37:03.000000Z,1775061423.0,85.0,3235170,50,0
L1,rlf_cycle_clean_channel,rlf_cycle,2026-04-01T16:37:04.000000Z,1775061424.0,86.0,3138361,56,0
L1,rlf_cycle_clean_channel,rlf_cycle,2026-04-01T16:37:05.000000Z,1775061425.0,87.0,3135213,47,0
L1,rlf_cycle_clean_channel,rlf_cycle,2026-04-01T16:37:06.000000Z,1775061426.0,88.0,2995417,48,0
L1,rlf_cycle_clean_channel,rlf_cycle,2026-04-01T16:37:07.000000Z,1775061427.0,89.0,3288331,51,0
L1,rlf_cycle_clean_channel,rlf_cycle,2026-04-01T16:37:09.000000Z,1775061429.0,91.0,4315730,78,0
S1,cell_edge_cw_interference,steady_impairment,2026-04-02T08:53:10.000000Z,1775119990.0,1.0,467,18,0
S1,cell_edge_cw_interference,steady_impairment,2026-04-02T08:53:13.000000Z,1775119993.0,4.0,1044,5,0
S1,cell_edge_cw_interference,steady_impairment,2026-04-02T08:53:14.000000Z,1775119994.0,5.0,1530,20,0
S1,cell_edge_cw_interference,steady_impairment,2026-04-02T08:53:15.000000Z,1775119995.0,6.0,497,25,0
S1,cell_edge_cw_interference,steady_impairment,2026-04-02T08:53:16.000000Z,1775119996.0,7.0,2930,33,0
S1,cell_edge_cw_interference,steady_impairment,2026-04-02T08:53:17.000000Z,1775119997.0,8.0,12716766,32,0
S1,cell_edge_cw_interference,steady_impairment,2026-04-02T08:53:18.000000Z,1775119998.0,9.0,2331458,34,0
S1,cell_edge_cw_interference,steady_impairment,2026-04-02T08:53:19.000000Z,1775119999.0,10.0,2257340,33,0
S1,cell_edge_cw_interference,steady_impairment,2026-04-02T08:53:20.000000Z,1775120000.0,11.0,7407507,34,0
S1,cell_edge_cw_interference,steady_impairment,2026-04-02T08:53:21.000000Z,1775120001.0,12.0,23100000,33,0
S1,cell_edge_cw_interference,steady_impairment,2026-04-02T08:53:22.000000Z,1775120002.0,13.0,16365338,29,0
S1,cell_edge_cw_interference,steady_impairment,2026-04-02T08:53:23.000000Z,1775120003.0,14.0,22400000,32,0
S1,cell_edge_cw_interference,steady_impairment,2026-04-02T08:53:24.000000Z,1775120004.0,15.0,24500000,35,0
S1,cell_edge_cw_interference,steady_impairment,2026-04-02T08:53:25.000000Z,1775120005.0,16.0,25900000,37,0
S1,cell_edge_cw_interference,steady_impairment,2026-04-02T08:53:26.000000Z,1775120006.0,17.0,13899471,31,0
S1,cell_edge_cw_interference,steady_impairment,2026-04-02T08:53:28.000000Z,1775120008.0,19.0,38457820,66,0
S1,cell_edge_cw_interference,steady_impairment,2026-04-02T08:53:29.000000Z,1775120009.0,20.0,3679382,32,0
S1,cell_edge_cw_interference,steady_impairment,2026-04-02T08:53:30.000000Z,1775120010.0,21.0,18900000,27,0
S1,cell_edge_cw_interference,steady_impairment,2026-04-02T08:53:31.000000Z,1775120011.0,22.0,13300000,19,0
S1,cell_edge_cw_interference,steady_impairment,2026-04-02T08:53:32.000000Z,1775120012.0,23.0,19955765,36,0
S1,cell_edge_cw_interference,steady_impairment,2026-04-02T08:53:33.000000Z,1775120013.0,24.0,4090089,36,0
S1,cell_edge_cw_interference,steady_impairment,2026-04-02T08:53:34.000000Z,1775120014.0,25.0,25900000,37,0
S1,cell_edge_cw_interference,steady_impairment,2026-04-02T08:53:35.000000Z,1775120015.0,26.0,21000000,30,0
S1,cell_edge_cw_interference,steady_impairment,2026-04-02T08:53:36.000000Z,1775120016.0,27.0,3255207,32,0
S1,cell_edge_cw_interference,steady_impairment,2026-04-02T08:53:37.000000Z,1775120017.0,28.0,11469877,33,0
S1,cell_edge_cw_interference,steady_impairment,2026-04-02T08:53:38.000000Z,1775120018.0,29.0,19408,24,0
S2,rayleigh_deep_fade,steady_impairment,2026-04-01T16:29:29.000000Z,1775060969.0,0.0,291,12,0
S2,rayleigh_deep_fade,steady_impairment,2026-04-01T16:29:30.000000Z,1775060970.0,1.0,102,4,0
S2,rayleigh_deep_fade,steady_impairment,2026-04-01T16:29:31.000000Z,1775060971.0,2.0,451612,57,0
S2,rayleigh_deep_fade,steady_impairment,2026-04-01T16:29:32.000000Z,1775060972.0,3.0,1006575,82,0
S2,rayleigh_deep_fade,steady_impairment,2026-04-01T16:29:33.000000Z,1775060973.0,4.0,962142,83,0
S2,rayleigh_deep_fade,steady_impairment,2026-04-01T16:29:34.000000Z,1775060974.0,5.0,963924,76,0
S2,rayleigh_deep_fade,steady_impairment,2026-04-01T16:29:35.000000Z,1775060975.0,6.0,951475,76,0
S2,rayleigh_deep_fade,steady_impairment,2026-04-01T16:29:37.000000Z,1775060977.0,8.0,1865397,156,0
S2,rayleigh_deep_fade,steady_impairment,2026-04-01T16:29:38.000000Z,1775060978.0,9.0,951448,77,0
S2,rayleigh_deep_fade,steady_impairment,2026-04-01T16:29:39.000000Z,1775060979.0,10.0,1030164,79,0
S2,rayleigh_deep_fade,steady_impairment,2026-04-01T16:29:40.000000Z,1775060980.0,11.0,950866,78,0
S2,rayleigh_deep_fade,steady_impairment,2026-04-01T16:29:41.000000Z,1775060981.0,12.0,947705,80,0
S2,rayleigh_deep_fade,steady_impairment,2026-04-01T16:29:42.000000Z,1775060982.0,13.0,977722,80,0
S2,rayleigh_deep_fade,steady_impairment,2026-04-01T16:29:43.000000Z,1775060983.0,14.0,987685,72,0
S2,rayleigh_deep_fade,steady_impairment,2026-04-01T16:29:44.000000Z,1775060984.0,15.0,931294,79,0
S2,rayleigh_deep_fade,steady_impairment,2026-04-01T16:29:45.000000Z,1775060985.0,16.0,1009081,77,0
S2,rayleigh_deep_fade,steady_impairment,2026-04-01T16:29:46.000000Z,1775060986.0,17.0,982456,73,0
S2,rayleigh_deep_fade,steady_impairment,2026-04-01T16:29:47.000000Z,1775060987.0,18.0,901535,64,0
S2,rayleigh_deep_fade,steady_impairment,2026-04-01T16:29:48.000000Z,1775060988.0,19.0,982919,68,0
S2,rayleigh_deep_fade,steady_impairment,2026-04-01T16:29:49.000000Z,1775060989.0,20.0,977039,67,0
S2,rayleigh_deep_fade,steady_impairment,2026-04-01T16:29:50.000000Z,1775060990.0,21.0,917772,72,0
S2,rayleigh_deep_fade,steady_impairment,2026-04-01T16:29:51.000000Z,1775060991.0,22.0,909640,74,0
S2,rayleigh_deep_fade,steady_impairment,2026-04-01T16:29:53.000000Z,1775060993.0,24.0,1981448,151,0
S2,rayleigh_deep_fade,steady_impairment,2026-04-01T16:29:54.000000Z,1775060994.0,25.0,974353,77,0
S2,rayleigh_deep_fade,steady_impairment,2026-04-01T16:29:55.000000Z,1775060995.0,26.0,1015596,73,0
S2,rayleigh_deep_fade,steady_impairment,2026-04-01T16:29:56.000000Z,1775060996.0,27.0,1004894,67,0
S2,rayleigh_deep_fade,steady_impairment,2026-04-01T16:29:57.000000Z,1775060997.0,28.0,935799,64,0
S2,rayleigh_deep_fade,steady_impairment,2026-04-01T16:29:58.000000Z,1775060998.0,29.0,945151,74,0
S2,rayleigh_deep_fade,steady_impairment,2026-04-01T16:29:59.000000Z,1775060999.0,30.0,986033,73,0
S2,rayleigh_deep_fade,steady_impairment,2026-04-01T16:30:00.000000Z,1775061000.0,31.0,909093,64,0
S2,rayleigh_deep_fade,steady_impairment,2026-04-01T16:30:01.000000Z,1775061001.0,32.0,977224,65,0
S2,rayleigh_deep_fade,steady_impairment,2026-04-01T16:30:02.000000Z,1775061002.0,33.0,1062064,43,0
S2,rayleigh_deep_fade,steady_impairment,2026-04-01T16:30:03.000000Z,1775061003.0,34.0,946952,66,0
S2,rayleigh_deep_fade,steady_impairment,2026-04-01T16:30:04.000000Z,1775061004.0,35.0,981562,71,0
S2,rayleigh_deep_fade,steady_impairment,2026-04-01T16:30:05.000000Z,1775061005.0,36.0,921766,69,0
S2,rayleigh_deep_fade,steady_impairment,2026-04-01T16:30:06.000000Z,1775061006.0,37.0,1184863,47,0
S2,rayleigh_deep_fade,steady_impairment,2026-04-01T16:30:07.000000Z,1775061007.0,38.0,910402,55,0
S2,rayleigh_deep_fade,steady_impairment,2026-04-01T16:30:09.000000Z,1775061009.0,40.0,1888392,143,0
S2,rayleigh_deep_fade,steady_impairment,2026-04-01T16:30:10.000000Z,1775061010.0,41.0,1040907,65,0
S2,rayleigh_deep_fade,steady_impairment,2026-04-01T16:30:11.000000Z,1775061011.0,42.0,1014924,69,0
S2,rayleigh_deep_fade,steady_impairment,2026-04-01T16:30:12.000000Z,1775061012.0,43.0,1019919,63,0
S2,rayleigh_deep_fade,steady_impairment,2026-04-01T16:30:13.000000Z,1775061013.0,44.0,970171,72,0
S2,rayleigh_deep_fade,steady_impairment,2026-04-01T16:30:14.000000Z,1775061014.0,45.0,910929,58,0
S2,rayleigh_deep_fade,steady_impairment,2026-04-01T16:30:15.000000Z,1775061015.0,46.0,1160270,62,0
S2,rayleigh_deep_fade,steady_impairment,2026-04-01T16:30:17.000000Z,1775061017.0,48.0,1133867,80,0
S2,rayleigh_deep_fade,steady_impairment,2026-04-01T16:30:18.000000Z,1775061018.0,49.0,939909,73,0
S2,rayleigh_deep_fade,steady_impairment,2026-04-01T16:30:19.000000Z,1775061019.0,50.0,971099,72,0
S2,rayleigh_deep_fade,steady_impairment,2026-04-01T16:30:20.000000Z,1775061020.0,51.0,1009998,74,0
S2,rayleigh_deep_fade,steady_impairment,2026-04-01T16:30:21.000000Z,1775061021.0,52.0,1063779,77,0
S2,rayleigh_deep_fade,steady_impairment,2026-04-01T16:30:22.000000Z,1775061022.0,53.0,945819,78,0
S2,rayleigh_deep_fade,steady_impairment,2026-04-01T16:30:23.000000Z,1775061023.0,54.0,934869,67,0
S2,rayleigh_deep_fade,steady_impairment,2026-04-01T16:30:24.000000Z,1775061024.0,55.0,986470,66,0
S2,rayleigh_deep_fade,steady_impairment,2026-04-01T16:30:26.000000Z,1775061026.0,57.0,1894174,152,0
S2,rayleigh_deep_fade,steady_impairment,2026-04-01T16:30:27.000000Z,1775061027.0,58.0,926454,72,0
S2,rayleigh_deep_fade,steady_impairment,2026-04-01T16:30:28.000000Z,1775061028.0,59.0,883749,72,0
S2,rayleigh_deep_fade,steady_impairment,2026-04-01T16:30:29.000000Z,1775061029.0,60.0,920123,72,0
S2,rayleigh_deep_fade,steady_impairment,2026-04-01T16:30:30.000000Z,1775061030.0,61.0,972194,79,0
S2,rayleigh_deep_fade,steady_impairment,2026-04-01T16:30:31.000000Z,1775061031.0,62.0,1008194,84,0
S2,rayleigh_deep_fade,steady_impairment,2026-04-01T16:30:32.000000Z,1775061032.0,63.0,945420,73,0
S2,rayleigh_deep_fade,steady_impairment,2026-04-01T16:30:33.000000Z,1775061033.0,64.0,997013,81,0
S2,rayleigh_deep_fade,steady_impairment,2026-04-01T16:30:34.000000Z,1775061034.0,65.0,1014854,81,0
S2,rayleigh_deep_fade,steady_impairment,2026-04-01T16:30:35.000000Z,1775061035.0,66.0,969249,79,0
S2,rayleigh_deep_fade,steady_impairment,2026-04-01T16:30:36.000000Z,1775061036.0,67.0,961877,79,0
S2,rayleigh_deep_fade,steady_impairment,2026-04-01T16:30:37.000000Z,1775061037.0,68.0,944917,78,0
S2,rayleigh_deep_fade,steady_impairment,2026-04-01T16:30:38.000000Z,1775061038.0,69.0,1010457,75,0
S2,rayleigh_deep_fade,steady_impairment,2026-04-01T16:30:39.000000Z,1775061039.0,70.0,951597,71,0
S2,rayleigh_deep_fade,steady_impairment,2026-04-01T16:30:40.000000Z,1775061040.0,71.0,971359,63,0
S2,rayleigh_deep_fade,steady_impairment,2026-04-01T16:30:42.000000Z,1775061042.0,73.0,1833829,143,0
S2,rayleigh_deep_fade,steady_impairment,2026-04-01T16:30:43.000000Z,1775061043.0,74.0,990896,80,0
S2,rayleigh_deep_fade,steady_impairment,2026-04-01T16:30:44.000000Z,1775061044.0,75.0,1028663,82,0
S2,rayleigh_deep_fade,steady_impairment,2026-04-01T16:30:45.000000Z,1775061045.0,76.0,975042,71,0
S2,rayleigh_deep_fade,steady_impairment,2026-04-01T16:30:46.000000Z,1775061046.0,77.0,926639,76,0
S2,rayleigh_deep_fade,steady_impairment,2026-04-01T16:30:47.000000Z,1775061047.0,78.0,970262,74,0
S2,rayleigh_deep_fade,steady_impairment,2026-04-01T16:30:48.000000Z,1775061048.0,79.0,894638,61,0
S2,rayleigh_deep_fade,steady_impairment,2026-04-01T16:30:49.000000Z,1775061049.0,80.0,1113148,54,0
S2,rayleigh_deep_fade,steady_impairment,2026-04-01T16:30:50.000000Z,1775061050.0,81.0,1150483,70,0
S2,rayleigh_deep_fade,steady_impairment,2026-04-01T16:30:51.000000Z,1775061051.0,82.0,1054231,73,0
S2,rayleigh_deep_fade,steady_impairment,2026-04-01T16:30:52.000000Z,1775061052.0,83.0,980278,76,0
S2,rayleigh_deep_fade,steady_impairment,2026-04-01T16:30:53.000000Z,1775061053.0,84.0,1046841,76,0
S2,rayleigh_deep_fade,steady_impairment,2026-04-01T16:30:54.000000Z,1775061054.0,85.0,978805,75,0
S2,rayleigh_deep_fade,steady_impairment,2026-04-01T16:30:55.000000Z,1775061055.0,86.0,1002584,68,0
S2,rayleigh_deep_fade,steady_impairment,2026-04-01T16:30:56.000000Z,1775061056.0,87.0,976035,68,0
S2,rayleigh_deep_fade,steady_impairment,2026-04-01T16:30:58.000000Z,1775061058.0,89.0,2058737,128,0
S2,rayleigh_deep_fade,steady_impairment,2026-04-01T16:30:59.000000Z,1775061059.0,90.0,990047,75,0
S2,rayleigh_deep_fade,steady_impairment,2026-04-01T16:31:00.000000Z,1775061060.0,91.0,1027023,79,0
S2,rayleigh_deep_fade,steady_impairment,2026-04-01T16:31:01.000000Z,1775061061.0,92.0,933121,75,0
S2,rayleigh_deep_fade,steady_impairment,2026-04-01T16:31:02.000000Z,1775061062.0,93.0,902212,74,0
S2,rayleigh_deep_fade,steady_impairment,2026-04-01T16:31:03.000000Z,1775061063.0,94.0,1104183,72,0
S2,rayleigh_deep_fade,steady_impairment,2026-04-01T16:31:04.000000Z,1775061064.0,95.0,930046,67,0
S2,rayleigh_deep_fade,steady_impairment,2026-04-01T16:31:05.000000Z,1775061065.0,96.0,919380,73,0
S2,rayleigh_deep_fade,steady_impairment,2026-04-01T16:31:06.000000Z,1775061066.0,97.0,923627,75,0
S2,rayleigh_deep_fade,steady_impairment,2026-04-01T16:31:07.000000Z,1775061067.0,98.0,951018,72,0
S2,rayleigh_deep_fade,steady_impairment,2026-04-01T16:31:08.000000Z,1775061068.0,99.0,941007,80,0
S2,rayleigh_deep_fade,steady_impairment,2026-04-01T16:31:09.000000Z,1775061069.0,100.0,948216,79,0
S2,rayleigh_deep_fade,steady_impairment,2026-04-01T16:31:10.000000Z,1775061070.0,101.0,925857,74,0
S2,rayleigh_deep_fade,steady_impairment,2026-04-01T16:31:11.000000Z,1775061071.0,102.0,933832,79,0
S2,rayleigh_deep_fade,steady_impairment,2026-04-01T16:31:12.000000Z,1775061072.0,103.0,962556,76,0
S2,rayleigh_deep_fade,steady_impairment,2026-04-01T16:31:14.000000Z,1775061074.0,105.0,1889392,155,0
S2,rayleigh_deep_fade,steady_impairment,2026-04-01T16:31:15.000000Z,1775061075.0,106.0,1036001,80,0
S2,rayleigh_deep_fade,steady_impairment,2026-04-01T16:31:16.000000Z,1775061076.0,107.0,960738,77,0
S2,rayleigh_deep_fade,steady_impairment,2026-04-01T16:31:17.000000Z,1775061077.0,108.0,1049993,80,0
S2,rayleigh_deep_fade,steady_impairment,2026-04-01T16:31:18.000000Z,1775061078.0,109.0,983444,81,0
S2,rayleigh_deep_fade,steady_impairment,2026-04-01T16:31:19.000000Z,1775061079.0,110.0,982622,81,0
S2,rayleigh_deep_fade,steady_impairment,2026-04-01T16:31:20.000000Z,1775061080.0,111.0,982993,82,0
S2,rayleigh_deep_fade,steady_impairment,2026-04-01T16:31:21.000000Z,1775061081.0,112.0,1031936,74,0
S2,rayleigh_deep_fade,steady_impairment,2026-04-01T16:31:22.000000Z,1775061082.0,113.0,969118,67,0
S2,rayleigh_deep_fade,steady_impairment,2026-04-01T16:31:23.000000Z,1775061083.0,114.0,914019,74,0
S2,rayleigh_deep_fade,steady_impairment,2026-04-01T16:31:24.000000Z,1775061084.0,115.0,975449,79,0
S2,rayleigh_deep_fade,steady_impairment,2026-04-01T16:31:25.000000Z,1775061085.0,116.0,997275,72,0
S2,rayleigh_deep_fade,steady_impairment,2026-04-01T16:31:26.000000Z,1775061086.0,117.0,1015325,65,0
S2,rayleigh_deep_fade,steady_impairment,2026-04-01T16:31:27.000000Z,1775061087.0,118.0,1144957,59,0
T1,driveby_vehicular_epa,time_varying,2026-04-02T08:27:12.000000Z,1775118432.0,1.0,319,14,0
T1,driveby_vehicular_epa,time_varying,2026-04-02T08:27:13.000000Z,1775118433.0,2.0,84,3,0
T1,driveby_vehicular_epa,time_varying,2026-04-02T08:27:14.000000Z,1775118434.0,3.0,232404,18,0
T1,driveby_vehicular_epa,time_varying,2026-04-02T08:27:15.000000Z,1775118435.0,4.0,3651631,57,0
T1,driveby_vehicular_epa,time_varying,2026-04-02T08:27:18.000000Z,1775118438.0,7.0,44726615,78,0
T1,driveby_vehicular_epa,time_varying,2026-04-02T08:27:19.000000Z,1775118439.0,8.0,25900000,37,0
T1,driveby_vehicular_epa,time_varying,2026-04-02T08:27:20.000000Z,1775118440.0,9.0,16401386,41,0
T1,driveby_vehicular_epa,time_varying,2026-04-02T08:27:21.000000Z,1775118441.0,10.0,6140901,39,0
T1,driveby_vehicular_epa,time_varying,2026-04-02T08:27:22.000000Z,1775118442.0,11.0,25900000,37,0
T1,driveby_vehicular_epa,time_varying,2026-04-02T08:27:23.000000Z,1775118443.0,12.0,25900000,37,0
T1,driveby_vehicular_epa,time_varying,2026-04-02T08:27:24.000000Z,1775118444.0,13.0,28000000,40,0
T1,driveby_vehicular_epa,time_varying,2026-04-02T08:27:25.000000Z,1775118445.0,14.0,21066713,41,0
T1,driveby_vehicular_epa,time_varying,2026-04-02T08:27:26.000000Z,1775118446.0,15.0,25200000,36,0
T1,driveby_vehicular_epa,time_varying,2026-04-02T08:27:27.000000Z,1775118447.0,16.0,28000000,40,0
T1,driveby_vehicular_epa,time_varying,2026-04-02T08:27:28.000000Z,1775118448.0,17.0,22550291,38,0
T1,driveby_vehicular_epa,time_varying,2026-04-02T08:27:29.000000Z,1775118449.0,18.0,3107474,39,0
T1,driveby_vehicular_epa,time_varying,2026-04-02T08:27:30.000000Z,1775118450.0,19.0,17413472,38,0
T1,driveby_vehicular_epa,time_varying,2026-04-02T08:27:31.000000Z,1775118451.0,20.0,27300000,39,0
T1,driveby_vehicular_epa,time_varying,2026-04-02T08:27:32.000000Z,1775118452.0,21.0,13911250,39,0
T1,driveby_vehicular_epa,time_varying,2026-04-02T08:27:33.000000Z,1775118453.0,22.0,24092622,37,0
T1,driveby_vehicular_epa,time_varying,2026-04-02T08:27:35.000000Z,1775118455.0,24.0,20906062,78,0
T1,driveby_vehicular_epa,time_varying,2026-04-02T08:27:36.000000Z,1775118456.0,25.0,2930864,40,0
T1,driveby_vehicular_epa,time_varying,2026-04-02T08:27:37.000000Z,1775118457.0,26.0,22704859,40,0
T1,driveby_vehicular_epa,time_varying,2026-04-02T08:27:38.000000Z,1775118458.0,27.0,20647190,37,0
T1,driveby_vehicular_epa,time_varying,2026-04-02T08:27:39.000000Z,1775118459.0,28.0,20950151,37,0
T1,driveby_vehicular_epa,time_varying,2026-04-02T08:27:40.000000Z,1775118460.0,29.0,27300000,39,0
T1,driveby_vehicular_epa,time_varying,2026-04-02T08:27:41.000000Z,1775118461.0,30.0,29400000,42,0
T1,driveby_vehicular_epa,time_varying,2026-04-02T08:27:42.000000Z,1775118462.0,31.0,25200000,36,0
T1,driveby_vehicular_epa,time_varying,2026-04-02T08:27:43.000000Z,1775118463.0,32.0,24500000,35,0
T1,driveby_vehicular_epa,time_varying,2026-04-02T08:27:44.000000Z,1775118464.0,33.0,27300000,39,0
T1,driveby_vehicular_epa,time_varying,2026-04-02T08:27:45.000000Z,1775118465.0,34.0,23100000,33,0
T1,driveby_vehicular_epa,time_varying,2026-04-02T08:27:46.000000Z,1775118466.0,35.0,16621281,38,0
T1,driveby_vehicular_epa,time_varying,2026-04-02T08:27:47.000000Z,1775118467.0,36.0,26600000,38,0
T1,driveby_vehicular_epa,time_varying,2026-04-02T08:27:48.000000Z,1775118468.0,37.0,27300000,39,0
T1,driveby_vehicular_epa,time_varying,2026-04-02T08:27:49.000000Z,1775118469.0,38.0,26600000,38,0
T1,driveby_vehicular_epa,time_varying,2026-04-02T08:27:51.000000Z,1775118471.0,40.0,53900000,77,0
T1,driveby_vehicular_epa,time_varying,2026-04-02T08:27:52.000000Z,1775118472.0,41.0,16729511,41,0
T1,driveby_vehicular_epa,time_varying,2026-04-02T08:27:53.000000Z,1775118473.0,42.0,22830676,36,0
T1,driveby_vehicular_epa,time_varying,2026-04-02T08:27:54.000000Z,1775118474.0,43.0,26600000,38,0
T1,driveby_vehicular_epa,time_varying,2026-04-02T08:27:55.000000Z,1775118475.0,44.0,23100000,33,0
T1,driveby_vehicular_epa,time_varying,2026-04-02T08:27:56.000000Z,1775118476.0,45.0,30800000,44,0
T1,driveby_vehicular_epa,time_varying,2026-04-02T08:27:57.000000Z,1775118477.0,46.0,28700000,41,0
T1,driveby_vehicular_epa,time_varying,2026-04-02T08:27:58.000000Z,1775118478.0,47.0,7887051,42,0
T1,driveby_vehicular_epa,time_varying,2026-04-02T08:27:59.000000Z,1775118479.0,48.0,2951747,40,0
T1,driveby_vehicular_epa,time_varying,2026-04-02T08:28:00.000000Z,1775118480.0,49.0,2792904,42,0
T1,driveby_vehicular_epa,time_varying,2026-04-02T08:28:01.000000Z,1775118481.0,50.0,2919574,40,0
T1,driveby_vehicular_epa,time_varying,2026-04-02T08:28:02.000000Z,1775118482.0,51.0,3289472,37,0
T1,driveby_vehicular_epa,time_varying,2026-04-02T08:28:03.000000Z,1775118483.0,52.0,9324215,37,0
T1,driveby_vehicular_epa,time_varying,2026-04-02T08:28:04.000000Z,1775118484.0,53.0,21152842,39,0
T1,driveby_vehicular_epa,time_varying,2026-04-02T08:28:05.000000Z,1775118485.0,54.0,11691403,38,0
T1,driveby_vehicular_epa,time_varying,2026-04-02T08:28:07.000000Z,1775118487.0,56.0,61600000,88,0
T1,driveby_vehicular_epa,time_varying,2026-04-02T08:28:08.000000Z,1775118488.0,57.0,14523805,40,0
T1,driveby_vehicular_epa,time_varying,2026-04-02T08:28:09.000000Z,1775118489.0,58.0,21257960,37,0
T1,driveby_vehicular_epa,time_varying,2026-04-02T08:28:10.000000Z,1775118490.0,59.0,28700000,41,0
T1,driveby_vehicular_epa,time_varying,2026-04-02T08:28:11.000000Z,1775118491.0,60.0,28700000,41,0
T1,driveby_vehicular_epa,time_varying,2026-04-02T08:28:12.000000Z,1775118492.0,61.0,26600000,38,0
T1,driveby_vehicular_epa,time_varying,2026-04-02T08:28:13.000000Z,1775118493.0,62.0,27300000,39,0
T1,driveby_vehicular_epa,time_varying,2026-04-02T08:28:14.000000Z,1775118494.0,63.0,28000000,40,0
T1,driveby_vehicular_epa,time_varying,2026-04-02T08:28:15.000000Z,1775118495.0,64.0,15298668,42,0
T1,driveby_vehicular_epa,time_varying,2026-04-02T08:28:16.000000Z,1775118496.0,65.0,4858612,36,0
T1,driveby_vehicular_epa,time_varying,2026-04-02T08:28:17.000000Z,1775118497.0,66.0,25200000,36,0
T1,driveby_vehicular_epa,time_varying,2026-04-02T08:28:18.000000Z,1775118498.0,67.0,28700000,41,0
T1,driveby_vehicular_epa,time_varying,2026-04-02T08:28:19.000000Z,1775118499.0,68.0,27300000,39,0
T1,driveby_vehicular_epa,time_varying,2026-04-02T08:28:20.000000Z,1775118500.0,69.0,7904362,40,0
T1,driveby_vehicular_epa,time_varying,2026-04-02T08:28:21.000000Z,1775118501.0,70.0,4472165,40,0
T1,driveby_vehicular_epa,time_varying,2026-04-02T08:28:23.000000Z,1775118503.0,72.0,7447651,76,0
T1,driveby_vehicular_epa,time_varying,2026-04-02T08:28:24.000000Z,1775118504.0,73.0,27300000,39,0
T1,driveby_vehicular_epa,time_varying,2026-04-02T08:28:25.000000Z,1775118505.0,74.0,20135422,39,0
T1,driveby_vehicular_epa,time_varying,2026-04-02T08:28:26.000000Z,1775118506.0,75.0,25200000,36,0
T1,driveby_vehicular_epa,time_varying,2026-04-02T08:28:27.000000Z,1775118507.0,76.0,18345755,41,0
T1,driveby_vehicular_epa,time_varying,2026-04-02T08:28:28.000000Z,1775118508.0,77.0,2747292,37,0
T1,driveby_vehicular_epa,time_varying,2026-04-02T08:28:29.000000Z,1775118509.0,78.0,3721464,39,0
T1,driveby_vehicular_epa,time_varying,2026-04-02T08:28:30.000000Z,1775118510.0,79.0,9392622,16,0
T1,driveby_vehicular_epa,time_varying,2026-04-02T08:28:31.000000Z,1775118511.0,80.0,21700000,31,0
T1,driveby_vehicular_epa,time_varying,2026-04-02T08:28:32.000000Z,1775118512.0,81.0,30800000,44,0
T1,driveby_vehicular_epa,time_varying,2026-04-02T08:28:33.000000Z,1775118513.0,82.0,21707669,35,0
T1,driveby_vehicular_epa,time_varying,2026-04-02T08:28:34.000000Z,1775118514.0,83.0,14457609,38,0
T1,driveby_vehicular_epa,time_varying,2026-04-02T08:28:35.000000Z,1775118515.0,84.0,25900000,37,0
T1,driveby_vehicular_epa,time_varying,2026-04-02T08:28:36.000000Z,1775118516.0,85.0,21000000,30,0
T2,driveby_epa_interference,time_varying,2026-04-01T16:13:20.000000Z,1775060000.0,0.0,38,2,0
T2,driveby_epa_interference,time_varying,2026-04-01T16:13:21.000000Z,1775060001.0,1.0,296,9,0
T2,driveby_epa_interference,time_varying,2026-04-01T16:13:22.000000Z,1775060002.0,2.0,0,1,0
T2,driveby_epa_interference,time_varying,2026-04-01T16:13:52.000000Z,1775060032.0,32.0,4135,12,0
T2,driveby_epa_interference,time_varying,2026-04-01T16:13:53.000000Z,1775060033.0,33.0,510,23,0
T2,driveby_epa_interference,time_varying,2026-04-01T16:13:54.000000Z,1775060034.0,34.0,436,20,0
T2,driveby_epa_interference,time_varying,2026-04-01T16:13:55.000000Z,1775060035.0,35.0,464,24,0
T2,driveby_epa_interference,time_varying,2026-04-01T16:13:56.000000Z,1775060036.0,36.0,532,23,0
T2,driveby_epa_interference,time_varying,2026-04-01T16:13:57.000000Z,1775060037.0,37.0,334,19,0
T2,driveby_epa_interference,time_varying,2026-04-01T16:13:59.000000Z,1775060039.0,39.0,1160,60,0
T2,driveby_epa_interference,time_varying,2026-04-01T16:14:00.000000Z,1775060040.0,40.0,594,31,0
T2,driveby_epa_interference,time_varying,2026-04-01T16:14:01.000000Z,1775060041.0,41.0,634,26,0
T2,driveby_epa_interference,time_varying,2026-04-01T16:14:02.000000Z,1775060042.0,42.0,566,31,0
T2,driveby_epa_interference,time_varying,2026-04-01T16:14:03.000000Z,1775060043.0,43.0,566,29,0
T2,driveby_epa_interference,time_varying,2026-04-01T16:14:04.000000Z,1775060044.0,44.0,594,33,0
T2,driveby_epa_interference,time_varying,2026-04-01T16:14:05.000000Z,1775060045.0,45.0,408,20,0
T2,driveby_epa_interference,time_varying,2026-04-01T16:14:06.000000Z,1775060046.0,46.0,566,26,0
T2,driveby_epa_interference,time_varying,2026-04-01T16:14:07.000000Z,1775060047.0,47.0,436,25,0
T2,driveby_epa_interference,time_varying,2026-04-01T16:14:08.000000Z,1775060048.0,48.0,724,39,0
T2,driveby_epa_interference,time_varying,2026-04-01T16:14:09.000000Z,1775060049.0,49.0,408,22,0
T2,driveby_epa_interference,time_varying,2026-04-01T16:14:10.000000Z,1775060050.0,50.0,588,31,0
T2,driveby_epa_interference,time_varying,2026-04-01T16:14:11.000000Z,1775060051.0,51.0,594,33,0
T2,driveby_epa_interference,time_varying,2026-04-01T16:14:12.000000Z,1775060052.0,52.0,594,37,0
T2,driveby_epa_interference,time_varying,2026-04-01T16:14:13.000000Z,1775060053.0,53.0,622,35,0
T2,driveby_epa_interference,time_varying,2026-04-01T16:14:15.000000Z,1775060055.0,55.0,1086,53,0
T2,driveby_epa_interference,time_varying,2026-04-01T16:14:16.000000Z,1775060056.0,56.0,612,29,0
T2,driveby_epa_interference,time_varying,2026-04-01T16:14:17.000000Z,1775060057.0,57.0,538,24,0
T2,driveby_epa_interference,time_varying,2026-04-01T16:14:18.000000Z,1775060058.0,58.0,538,30,0
T2,driveby_epa_interference,time_varying,2026-04-01T16:14:19.000000Z,1775060059.0,59.0,576,34,0
T2,driveby_epa_interference,time_varying,2026-04-01T16:14:20.000000Z,1775060060.0,60.0,612,32,0
T2,driveby_epa_interference,time_varying,2026-04-01T16:14:21.000000Z,1775060061.0,61.0,510,24,0
T2,driveby_epa_interference,time_varying,2026-04-01T16:14:22.000000Z,1775060062.0,62.0,464,25,0
T2,driveby_epa_interference,time_varying,2026-04-01T16:14:23.000000Z,1775060063.0,63.0,482,24,0
T2,driveby_epa_interference,time_varying,2026-04-01T16:14:24.000000Z,1775060064.0,64.0,548,28,0
T2,driveby_epa_interference,time_varying,2026-04-01T16:14:25.000000Z,1775060065.0,65.0,566,29,0
T2,driveby_epa_interference,time_varying,2026-04-01T16:14:26.000000Z,1775060066.0,66.0,482,25,0
T2,driveby_epa_interference,time_varying,2026-04-01T16:14:27.000000Z,1775060067.0,67.0,594,22,0
T2,driveby_epa_interference,time_varying,2026-04-01T16:14:28.000000Z,1775060068.0,68.0,640,37,0
T2,driveby_epa_interference,time_varying,2026-04-01T16:14:29.000000Z,1775060069.0,69.0,0,0,0
