scenario_id,label,category,timestamp_utc,timestamp_unix,relative_s,avg_sinr,cnt_sinr,cnt_tx,cons_max,duUeIndex,harq_failure,max_sinr,min_sinr,succ_tx
B1,baseline_indoor_los,baseline,2026-04-01T16:05:36.000000Z,1775059536.0,0.0,33.58,12,12,0,0,0,36,29,12
B1,baseline_indoor_los,baseline,2026-04-01T16:05:37.000000Z,1775059537.0,1.0,34.75,4,4,0,0,0,36,33,4
B1,baseline_indoor_los,baseline,2026-04-01T16:05:38.000000Z,1775059538.0,2.0,26.26,113,113,0,0,0,35,22,113
B1,baseline_indoor_los,baseline,2026-04-01T16:05:39.000000Z,1775059539.0,3.0,25.21,206,206,0,0,0,35,22,206
B1,baseline_indoor_los,baseline,2026-04-01T16:05:40.000000Z,1775059540.0,4.0,25.12,200,200,0,0,0,35,22,200
B1,baseline_indoor_los,baseline,2026-04-01T16:05:41.000000Z,1775059541.0,5.0,25.11,211,211,0,0,0,35,22,211
B1,baseline_indoor_los,baseline,2026-04-01T16:05:42.000000Z,1775059542.0,6.0,25.61,206,206,0,0,0,35,22,206
B1,baseline_indoor_los,baseline,2026-04-01T16:05:43.000000Z,1775059543.0,7.0,25.66,215,215,0,0,0,35,22,215
B1,baseline_indoor_los,baseline,2026-04-01T16:05:44.000000Z,1775059544.0,8.0,25.43,210,210,0,0,0,35,22,210
B1,baseline_indoor_los,baseline,2026-04-01T16:05:45.000000Z,1775059545.0,9.0,25.26,204,204,0,0,0,35,22,204
B1,baseline_indoor_los,baseline,2026-04-01T16:05:46.000000Z,1775059546.0,10.0,25.27,210,210,0,0,0,34,22,210
B1,baseline_indoor_los,baseline,2026-04-01T16:05:48.000000Z,1775059548.0,12.0,25.53,419,419,0,0,0,35,22,419
B1,baseline_indoor_los,baseline,2026-04-01T16:05:49.000000Z,1775059549.0,13.0,25.52,208,208,0,0,0,35,22,208
B1,baseline_indoor_los,baseline,2026-04-01T16:05:50.000000Z,1775059550.0,14.0,25.06,198,198,0,0,0,34,23,198
B1,baseline_indoor_los,baseline,2026-04-01T16:05:51.000000Z,1775059551.0,15.0,25.33,205,205,0,0,0,35,22,205
B1,baseline_indoor_los,baseline,2026-04-01T16:05:52.000000Z,1775059552.0,16.0,25.5,215,215,0,0,0,35,22,215
B1,baseline_indoor_los,baseline,2026-04-01T16:05:53.000000Z,1775059553.0,17.0,25.16,205,205,0,0,0,35,22,205
B1,baseline_indoor_los,baseline,2026-04-01T16:05:54.000000Z,1775059554.0,18.0,25.02,194,194,0,0,0,35,22,194
B1,baseline_indoor_los,baseline,2026-04-01T16:05:55.000000Z,1775059555.0,19.0,25.05,199,199,0,0,0,35,22,199
B1,baseline_indoor_los,baseline,2026-04-01T16:05:56.000000Z,1775059556.0,20.0,24.95,198,198,0,0,0,34,23,198
B1,baseline_indoor_los,baseline,2026-04-01T16:05:57.000000Z,1775059557.0,21.0,25.06,197,197,0,0,0,35,22,197
B1,baseline_indoor_los,baseline,2026-04-01T16:05:58.000000Z,1775059558.0,22.0,25.16,200,200,0,0,0,35,22,200
B1,baseline_indoor_los,baseline,2026-04-01T16:05:59.000000Z,1775059559.0,23.0,25.25,204,204,0,0,0,35,22,204
B1,baseline_indoor_los,baseline,2026-04-01T16:06:00.000000Z,1775059560.0,24.0,25.43,210,210,0,0,0,35,23,210
B1,baseline_indoor_los,baseline,2026-04-01T16:06:01.000000Z,1775059561.0,25.0,25.29,201,201,0,0,0,35,22,201
B1,baseline_indoor_los,baseline,2026-04-01T16:06:02.000000Z,1775059562.0,26.0,25.05,199,199,0,0,0,35,22,199
B1,baseline_indoor_los,baseline,2026-04-01T16:06:04.000000Z,1775059564.0,28.0,25.37,409,409,0,0,0,35,22,409
B1,baseline_indoor_los,baseline,2026-04-01T16:06:05.000000Z,1775059565.0,29.0,25.35,205,205,0,0,0,35,23,205
B1,baseline_indoor_los,baseline,2026-04-01T16:06:06.000000Z,1775059566.0,30.0,25.55,215,215,0,0,0,35,22,215
B1,baseline_indoor_los,baseline,2026-04-01T16:06:07.000000Z,1775059567.0,31.0,24.96,196,196,0,0,0,35,22,196
B1,baseline_indoor_los,baseline,2026-04-01T16:06:08.000000Z,1775059568.0,32.0,25.25,203,203,0,0,0,35,22,203
B1,baseline_indoor_los,baseline,2026-04-01T16:06:09.000000Z,1775059569.0,33.0,25.08,201,201,0,0,0,35,22,201
B1,baseline_indoor_los,baseline,2026-04-01T16:06:10.000000Z,1775059570.0,34.0,25.11,194,194,0,0,0,35,22,194
B1,baseline_indoor_los,baseline,2026-04-01T16:06:11.000000Z,1775059571.0,35.0,25.42,208,208,0,0,0,35,22,208
B1,baseline_indoor_los,baseline,2026-04-01T16:06:12.000000Z,1775059572.0,36.0,25.34,201,201,0,0,0,35,23,201
B1,baseline_indoor_los,baseline,2026-04-01T16:06:13.000000Z,1775059573.0,37.0,25.2,202,202,0,0,0,35,22,202
B1,baseline_indoor_los,baseline,2026-04-01T16:06:14.000000Z,1775059574.0,38.0,24.76,190,190,0,0,0,35,22,190
B1,baseline_indoor_los,baseline,2026-04-01T16:06:15.000000Z,1775059575.0,39.0,25.59,214,214,0,0,0,35,22,214
B1,baseline_indoor_los,baseline,2026-04-01T16:06:16.000000Z,1775059576.0,40.0,25.35,207,207,0,0,0,35,22,207
B1,baseline_indoor_los,baseline,2026-04-01T16:06:17.000000Z,1775059577.0,41.0,24.74,197,197,0,0,0,35,23,197
B1,baseline_indoor_los,baseline,2026-04-01T16:06:18.000000Z,1775059578.0,42.0,25.16,205,205,0,0,0,35,22,205
B1,baseline_indoor_los,baseline,2026-04-01T16:06:20.000000Z,1775059580.0,44.0,25.22,408,408,0,0,0,35,22,408
B1,baseline_indoor_los,baseline,2026-04-01T16:06:21.000000Z,1775059581.0,45.0,25.2,204,204,0,0,0,35,22,204
B1,baseline_indoor_los,baseline,2026-04-01T16:06:22.000000Z,1775059582.0,46.0,25.31,203,203,0,0,0,35,22,203
B1,baseline_indoor_los,baseline,2026-04-01T16:06:23.000000Z,1775059583.0,47.0,25.06,198,198,0,0,0,35,22,198
B1,baseline_indoor_los,baseline,2026-04-01T16:06:24.000000Z,1775059584.0,48.0,25.72,220,220,0,0,0,35,22,220
B1,baseline_indoor_los,baseline,2026-04-01T16:06:25.000000Z,1775059585.0,49.0,25.32,204,204,0,0,0,35,22,204
B1,baseline_indoor_los,baseline,2026-04-01T16:06:26.000000Z,1775059586.0,50.0,25.64,216,216,0,0,0,35,22,216
B1,baseline_indoor_los,baseline,2026-04-01T16:06:27.000000Z,1775059587.0,51.0,24.96,200,200,0,0,0,35,22,200
B1,baseline_indoor_los,baseline,2026-04-01T16:06:28.000000Z,1775059588.0,52.0,25.37,216,216,0,0,0,35,22,216
B1,baseline_indoor_los,baseline,2026-04-01T16:06:29.000000Z,1775059589.0,53.0,24.94,199,199,0,0,0,35,22,199
B1,baseline_indoor_los,baseline,2026-04-01T16:06:30.000000Z,1775059590.0,54.0,26.28,229,229,0,0,0,35,22,229
B1,baseline_indoor_los,baseline,2026-04-01T16:06:31.000000Z,1775059591.0,55.0,24.91,197,197,0,0,0,35,22,197
B1,baseline_indoor_los,baseline,2026-04-01T16:06:32.000000Z,1775059592.0,56.0,24.96,194,194,0,0,0,35,22,194
B1,baseline_indoor_los,baseline,2026-04-01T16:06:33.000000Z,1775059593.0,57.0,25.66,212,212,0,0,0,35,22,212
B1,baseline_indoor_los,baseline,2026-04-01T16:06:34.000000Z,1775059594.0,58.0,25.16,199,199,0,0,0,35,22,199
B1,baseline_indoor_los,baseline,2026-04-01T16:06:36.000000Z,1775059596.0,60.0,25.36,421,421,0,0,0,35,22,421
B1,baseline_indoor_los,baseline,2026-04-01T16:06:37.000000Z,1775059597.0,61.0,24.94,195,195,0,0,0,35,22,195
B1,baseline_indoor_los,baseline,2026-04-01T16:06:38.000000Z,1775059598.0,62.0,24.81,190,190,0,0,0,34,22,190
B1,baseline_indoor_los,baseline,2026-04-01T16:06:39.000000Z,1775059599.0,63.0,25.3,203,203,0,0,0,35,22,203
B1,baseline_indoor_los,baseline,2026-04-01T16:06:40.000000Z,1775059600.0,64.0,25.12,199,199,0,0,0,35,22,199
B1,baseline_indoor_los,baseline,2026-04-01T16:06:41.000000Z,1775059601.0,65.0,25.1,196,196,0,0,0,35,22,196
B1,baseline_indoor_los,baseline,2026-04-01T16:06:42.000000Z,1775059602.0,66.0,24.96,194,194,0,0,0,34,22,194
B1,baseline_indoor_los,baseline,2026-04-01T16:06:43.000000Z,1775059603.0,67.0,25.46,203,203,0,0,0,35,22,203
B1,baseline_indoor_los,baseline,2026-04-01T16:06:44.000000Z,1775059604.0,68.0,26.23,217,217,0,0,0,35,22,217
B1,baseline_indoor_los,baseline,2026-04-01T16:06:45.000000Z,1775059605.0,69.0,24.85,192,192,0,0,0,35,22,192
B1,baseline_indoor_los,baseline,2026-04-01T16:06:46.000000Z,1775059606.0,70.0,24.59,190,190,0,0,0,34,22,190
B1,baseline_indoor_los,baseline,2026-04-01T16:06:47.000000Z,1775059607.0,71.0,25.03,196,196,0,0,0,35,22,196
B1,baseline_indoor_los,baseline,2026-04-01T16:06:49.000000Z,1775059609.0,73.0,25.63,213,213,0,0,0,35,22,213
B1,baseline_indoor_los,baseline,2026-04-01T16:06:50.000000Z,1775059610.0,74.0,25.41,199,199,0,0,0,35,22,199
B1,baseline_indoor_los,baseline,2026-04-01T16:06:51.000000Z,1775059611.0,75.0,25.32,205,205,0,0,0,35,22,205
B1,baseline_indoor_los,baseline,2026-04-01T16:06:53.000000Z,1775059613.0,77.0,25.23,415,415,0,0,0,35,22,415
B1,baseline_indoor_los,baseline,2026-04-01T16:06:54.000000Z,1775059614.0,78.0,25.67,212,212,0,0,0,35,22,212
B1,baseline_indoor_los,baseline,2026-04-01T16:06:55.000000Z,1775059615.0,79.0,24.96,202,202,0,0,0,35,22,202
B1,baseline_indoor_los,baseline,2026-04-01T16:06:56.000000Z,1775059616.0,80.0,24.89,191,191,0,0,0,35,22,191
B1,baseline_indoor_los,baseline,2026-04-01T16:06:57.000000Z,1775059617.0,81.0,25.59,208,208,0,0,0,35,22,208
B1,baseline_indoor_los,baseline,2026-04-01T16:06:58.000000Z,1775059618.0,82.0,24.9,197,197,0,0,0,35,22,197
B1,baseline_indoor_los,baseline,2026-04-01T16:06:59.000000Z,1775059619.0,83.0,25.36,204,204,0,0,0,35,22,204
B1,baseline_indoor_los,baseline,2026-04-01T16:07:00.000000Z,1775059620.0,84.0,25.07,200,200,0,0,0,35,22,200
B1,baseline_indoor_los,baseline,2026-04-01T16:07:01.000000Z,1775059621.0,85.0,25.29,211,211,0,0,0,35,22,211
B1,baseline_indoor_los,baseline,2026-04-01T16:07:02.000000Z,1775059622.0,86.0,26.12,219,219,0,0,0,36,22,219
B1,baseline_indoor_los,baseline,2026-04-01T16:07:03.000000Z,1775059623.0,87.0,25.33,206,206,0,0,0,35,22,206
B1,baseline_indoor_los,baseline,2026-04-01T16:07:04.000000Z,1775059624.0,88.0,24.69,190,190,0,0,0,35,22,190
B1,baseline_indoor_los,baseline,2026-04-01T16:07:05.000000Z,1775059625.0,89.0,25.94,223,223,0,0,0,35,22,223
B1,baseline_indoor_los,baseline,2026-04-01T16:07:06.000000Z,1775059626.0,90.0,24.86,197,197,0,0,0,34,22,197
B1,baseline_indoor_los,baseline,2026-04-01T16:07:07.000000Z,1775059627.0,91.0,24.86,195,195,0,0,0,35,22,195
B1,baseline_indoor_los,baseline,2026-04-01T16:07:09.000000Z,1775059629.0,93.0,25.17,408,408,0,0,0,35,22,408
B1,baseline_indoor_los,baseline,2026-04-01T16:07:10.000000Z,1775059630.0,94.0,25.43,202,202,0,0,0,35,22,202
B1,baseline_indoor_los,baseline,2026-04-01T16:07:11.000000Z,1775059631.0,95.0,24.8,191,191,0,0,0,35,22,191
B1,baseline_indoor_los,baseline,2026-04-01T16:07:12.000000Z,1775059632.0,96.0,25.07,196,196,0,0,0,35,22,196
B1,baseline_indoor_los,baseline,2026-04-01T16:07:13.000000Z,1775059633.0,97.0,25.24,202,202,0,0,0,35,22,202
B1,baseline_indoor_los,baseline,2026-04-01T16:07:14.000000Z,1775059634.0,98.0,25.21,197,197,0,0,0,35,22,197
B1,baseline_indoor_los,baseline,2026-04-01T16:07:15.000000Z,1775059635.0,99.0,25.73,218,218,0,0,0,35,22,218
B1,baseline_indoor_los,baseline,2026-04-01T16:07:16.000000Z,1775059636.0,100.0,24.96,195,195,0,0,0,35,22,195
B1,baseline_indoor_los,baseline,2026-04-01T16:07:17.000000Z,1775059637.0,101.0,25.46,201,201,0,0,0,35,22,201
B1,baseline_indoor_los,baseline,2026-04-01T16:07:18.000000Z,1775059638.0,102.0,25.19,197,197,0,0,0,35,22,197
B1,baseline_indoor_los,baseline,2026-04-01T16:07:19.000000Z,1775059639.0,103.0,25.08,200,200,0,0,0,35,22,200
B1,baseline_indoor_los,baseline,2026-04-01T16:07:20.000000Z,1775059640.0,104.0,25.67,208,208,0,0,0,35,23,208
B1,baseline_indoor_los,baseline,2026-04-01T16:07:21.000000Z,1775059641.0,105.0,24.7,193,193,0,0,0,35,22,193
B1,baseline_indoor_los,baseline,2026-04-01T16:07:22.000000Z,1775059642.0,106.0,25.02,198,198,0,0,0,35,22,198
B1,baseline_indoor_los,baseline,2026-04-01T16:07:23.000000Z,1775059643.0,107.0,25.18,200,200,0,0,0,35,22,200
B1,baseline_indoor_los,baseline,2026-04-01T16:07:25.000000Z,1775059645.0,109.0,25.25,409,409,0,0,0,35,22,409
B1,baseline_indoor_los,baseline,2026-04-01T16:07:26.000000Z,1775059646.0,110.0,25.69,207,207,0,0,0,35,22,207
B1,baseline_indoor_los,baseline,2026-04-01T16:07:27.000000Z,1775059647.0,111.0,25.38,207,207,0,0,0,35,22,207
B1,baseline_indoor_los,baseline,2026-04-01T16:07:28.000000Z,1775059648.0,112.0,25.01,193,193,0,0,0,35,22,193
B1,baseline_indoor_los,baseline,2026-04-01T16:07:29.000000Z,1775059649.0,113.0,25.6,211,211,0,0,0,35,23,211
B1,baseline_indoor_los,baseline,2026-04-01T16:07:30.000000Z,1775059650.0,114.0,25.33,205,205,0,0,0,35,22,205
B1,baseline_indoor_los,baseline,2026-04-01T16:07:31.000000Z,1775059651.0,115.0,25.74,210,210,0,0,0,35,22,210
B1,baseline_indoor_los,baseline,2026-04-01T16:07:32.000000Z,1775059652.0,116.0,25.11,199,199,0,0,0,35,22,199
B1,baseline_indoor_los,baseline,2026-04-01T16:07:33.000000Z,1775059653.0,117.0,25.03,202,202,0,0,0,35,22,202
B1,baseline_indoor_los,baseline,2026-04-01T16:07:34.000000Z,1775059654.0,118.0,25.14,195,195,0,0,0,35,22,195
B2,baseline_pedestrian_nlos,baseline,2026-04-01T16:08:11.000000Z,1775059691.0,1.0,47.36,28,28,4,0,2,65,-26,14
B2,baseline_pedestrian_nlos,baseline,2026-04-01T16:08:13.000000Z,1775059693.0,3.0,37.21,94,94,0,0,0,39,34,94
B2,baseline_pedestrian_nlos,baseline,2026-04-01T16:08:14.000000Z,1775059694.0,4.0,37.54,200,200,0,0,0,39,36,200
B2,baseline_pedestrian_nlos,baseline,2026-04-01T16:08:15.000000Z,1775059695.0,5.0,38.27,224,224,0,0,0,42,32,224
B2,baseline_pedestrian_nlos,baseline,2026-04-01T16:08:16.000000Z,1775059696.0,6.0,38.61,205,205,0,0,0,43,31,205
B2,baseline_pedestrian_nlos,baseline,2026-04-01T16:08:17.000000Z,1775059697.0,7.0,40.58,224,224,0,0,0,45,38,224
B2,baseline_pedestrian_nlos,baseline,2026-04-01T16:08:18.000000Z,1775059698.0,8.0,40.38,222,222,0,0,0,43,38,222
B2,baseline_pedestrian_nlos,baseline,2026-04-01T16:08:19.000000Z,1775059699.0,9.0,37.75,219,219,0,0,0,42,32,219
B2,baseline_pedestrian_nlos,baseline,2026-04-01T16:08:20.000000Z,1775059700.0,10.0,36.7,225,225,0,0,0,41,17,225
B2,baseline_pedestrian_nlos,baseline,2026-04-01T16:08:21.000000Z,1775059701.0,11.0,35.72,216,216,0,0,0,43,20,216
B2,baseline_pedestrian_nlos,baseline,2026-04-01T16:08:22.000000Z,1775059702.0,12.0,36.36,216,216,0,0,0,48,17,216
B2,baseline_pedestrian_nlos,baseline,2026-04-01T16:08:24.000000Z,1775059704.0,14.0,40.16,471,471,0,0,0,45,35,471
B2,baseline_pedestrian_nlos,baseline,2026-04-01T16:08:25.000000Z,1775059705.0,15.0,37.32,209,209,0,0,0,42,19,209
B2,baseline_pedestrian_nlos,baseline,2026-04-01T16:08:26.000000Z,1775059706.0,16.0,37.29,221,221,0,0,0,42,24,221
B2,baseline_pedestrian_nlos,baseline,2026-04-01T16:08:27.000000Z,1775059707.0,17.0,35.86,229,229,0,0,0,41,8,229
B2,baseline_pedestrian_nlos,baseline,2026-04-01T16:08:28.000000Z,1775059708.0,18.0,37.58,222,222,0,0,0,40,22,222
B2,baseline_pedestrian_nlos,baseline,2026-04-01T16:08:29.000000Z,1775059709.0,19.0,35.18,203,203,0,0,0,40,22,203
B2,baseline_pedestrian_nlos,baseline,2026-04-01T16:08:30.000000Z,1775059710.0,20.0,34.04,219,219,0,0,0,40,-1,218
B2,baseline_pedestrian_nlos,baseline,2026-04-01T16:08:31.000000Z,1775059711.0,21.0,35.95,219,219,0,0,0,39,26,219
B2,baseline_pedestrian_nlos,baseline,2026-04-01T16:08:32.000000Z,1775059712.0,22.0,28.76,234,234,0,0,0,40,5,232
B2,baseline_pedestrian_nlos,baseline,2026-04-01T16:08:33.000000Z,1775059713.0,23.0,35.48,219,219,0,0,0,41,13,219
B2,baseline_pedestrian_nlos,baseline,2026-04-01T16:08:34.000000Z,1775059714.0,24.0,39.56,224,224,0,0,0,41,38,224
B2,baseline_pedestrian_nlos,baseline,2026-04-01T16:08:35.000000Z,1775059715.0,25.0,39.63,219,219,0,0,0,41,38,219
B2,baseline_pedestrian_nlos,baseline,2026-04-01T16:08:36.000000Z,1775059716.0,26.0,39.66,215,215,0,0,0,41,39,215
B2,baseline_pedestrian_nlos,baseline,2026-04-01T16:08:37.000000Z,1775059717.0,27.0,39.51,211,211,0,0,0,40,39,211
B2,baseline_pedestrian_nlos,baseline,2026-04-01T16:08:38.000000Z,1775059718.0,28.0,25.52,266,266,4,0,6,65,-37,205
B2,baseline_pedestrian_nlos,baseline,2026-04-01T16:08:40.000000Z,1775059720.0,30.0,28.14,501,501,4,0,9,65,-41,412
B2,baseline_pedestrian_nlos,baseline,2026-04-01T16:08:41.000000Z,1775059721.0,31.0,39.51,209,209,0,0,0,41,38,209
B2,baseline_pedestrian_nlos,baseline,2026-04-01T16:08:42.000000Z,1775059722.0,32.0,39.57,212,212,0,0,0,41,38,212
B2,baseline_pedestrian_nlos,baseline,2026-04-01T16:08:43.000000Z,1775059723.0,33.0,39.43,212,212,0,0,0,41,-18,211
B2,baseline_pedestrian_nlos,baseline,2026-04-01T16:08:44.000000Z,1775059724.0,34.0,39.54,213,213,0,0,0,41,37,213
B2,baseline_pedestrian_nlos,baseline,2026-04-01T16:08:45.000000Z,1775059725.0,35.0,38.86,228,228,0,0,0,40,36,228
B2,baseline_pedestrian_nlos,baseline,2026-04-01T16:08:46.000000Z,1775059726.0,36.0,39.29,208,208,0,0,0,40,37,208
B2,baseline_pedestrian_nlos,baseline,2026-04-01T16:08:47.000000Z,1775059727.0,37.0,40.8,192,192,4,0,3,65,37,177
B2,baseline_pedestrian_nlos,baseline,2026-04-01T16:08:48.000000Z,1775059728.0,38.0,48.98,182,182,4,0,12,65,40,122
B2,baseline_pedestrian_nlos,baseline,2026-04-01T16:08:49.000000Z,1775059729.0,39.0,41.18,206,206,0,0,0,42,40,206
B2,baseline_pedestrian_nlos,baseline,2026-04-01T16:08:50.000000Z,1775059730.0,40.0,40.98,229,229,0,0,0,43,40,229
B2,baseline_pedestrian_nlos,baseline,2026-04-01T16:08:51.000000Z,1775059731.0,41.0,41.16,222,222,0,0,0,42,40,222
B2,baseline_pedestrian_nlos,baseline,2026-04-01T16:08:52.000000Z,1775059732.0,42.0,41.73,214,214,1,0,0,65,39,207
B2,baseline_pedestrian_nlos,baseline,2026-04-01T16:08:53.000000Z,1775059733.0,43.0,44.13,243,243,4,0,10,65,23,200
B2,baseline_pedestrian_nlos,baseline,2026-04-01T16:08:54.000000Z,1775059734.0,44.0,39.47,231,231,0,0,0,44,33,231
B2,baseline_pedestrian_nlos,baseline,2026-04-01T16:08:56.000000Z,1775059736.0,46.0,38.89,446,446,0,0,0,44,29,446
B2,baseline_pedestrian_nlos,baseline,2026-04-01T16:08:57.000000Z,1775059737.0,47.0,35.44,216,216,2,0,0,65,11,193
B2,baseline_pedestrian_nlos,baseline,2026-04-01T16:08:58.000000Z,1775059738.0,48.0,46.94,234,234,4,0,23,65,-66,88
B2,baseline_pedestrian_nlos,baseline,2026-04-01T16:08:59.000000Z,1775059739.0,49.0,65.0,102,102,4,0,20,65,65,0
B2,baseline_pedestrian_nlos,baseline,2026-04-01T16:09:00.000000Z,1775059740.0,50.0,48.97,216,216,4,0,21,65,-66,66
B2,baseline_pedestrian_nlos,baseline,2026-04-01T16:09:01.000000Z,1775059741.0,51.0,48.37,310,310,4,0,36,65,-66,97
B2,baseline_pedestrian_nlos,baseline,2026-04-01T16:09:02.000000Z,1775059742.0,52.0,29.38,265,265,3,0,0,40,-66,184
B2,baseline_pedestrian_nlos,baseline,2026-04-01T16:09:03.000000Z,1775059743.0,53.0,30.1,292,292,4,0,1,40,-66,188
B2,baseline_pedestrian_nlos,baseline,2026-04-01T16:09:04.000000Z,1775059744.0,54.0,30.26,303,303,2,0,0,40,-66,200
B2,baseline_pedestrian_nlos,baseline,2026-04-01T16:09:05.000000Z,1775059745.0,55.0,27.26,330,330,4,0,12,65,-66,177
B2,baseline_pedestrian_nlos,baseline,2026-04-01T16:09:06.000000Z,1775059746.0,56.0,38.8,573,573,4,0,111,65,-66,5
B2,baseline_pedestrian_nlos,baseline,2026-04-01T16:09:07.000000Z,1775059747.0,57.0,64.35,500,500,4,0,104,65,-66,0
B2,baseline_pedestrian_nlos,baseline,2026-04-01T16:09:08.000000Z,1775059748.0,58.0,65.0,496,496,4,0,100,65,65,0
B2,baseline_pedestrian_nlos,baseline,2026-04-01T16:09:09.000000Z,1775059749.0,59.0,65.0,490,490,4,0,95,65,65,0
B2,baseline_pedestrian_nlos,baseline,2026-04-01T16:09:10.000000Z,1775059750.0,60.0,65.0,141,141,4,0,30,65,65,0
L1,rlf_cycle_clean_channel,rlf_cycle,2026-04-01T16:35:38.000000Z,1775061338.0,0.0,36.71,7,7,0,0,0,38,32,7
L1,rlf_cycle_clean_channel,rlf_cycle,2026-04-01T16:35:39.000000Z,1775061339.0,1.0,35.33,9,9,0,0,0,37,30,9
L1,rlf_cycle_clean_channel,rlf_cycle,2026-04-01T16:35:40.000000Z,1775061340.0,2.0,29.18,187,187,0,0,0,37,25,187
L1,rlf_cycle_clean_channel,rlf_cycle,2026-04-01T16:35:41.000000Z,1775061341.0,3.0,27.5,342,342,0,0,0,37,25,342
L1,rlf_cycle_clean_channel,rlf_cycle,2026-04-01T16:35:42.000000Z,1775061342.0,4.0,28.18,360,360,0,0,0,37,25,360
L1,rlf_cycle_clean_channel,rlf_cycle,2026-04-01T16:35:43.000000Z,1775061343.0,5.0,27.73,354,354,0,0,0,37,25,354
L1,rlf_cycle_clean_channel,rlf_cycle,2026-04-01T16:35:44.000000Z,1775061344.0,6.0,27.62,346,346,0,0,0,37,25,346
L1,rlf_cycle_clean_channel,rlf_cycle,2026-04-01T16:35:45.000000Z,1775061345.0,7.0,27.41,337,337,0,0,0,37,25,337
L1,rlf_cycle_clean_channel,rlf_cycle,2026-04-01T16:35:46.000000Z,1775061346.0,8.0,27.68,346,346,0,0,0,37,25,346
L1,rlf_cycle_clean_channel,rlf_cycle,2026-04-01T16:35:48.000000Z,1775061348.0,10.0,27.76,699,699,0,0,0,37,25,699
L1,rlf_cycle_clean_channel,rlf_cycle,2026-04-01T16:35:49.000000Z,1775061349.0,11.0,27.74,346,346,0,0,0,38,25,346
L1,rlf_cycle_clean_channel,rlf_cycle,2026-04-01T16:35:50.000000Z,1775061350.0,12.0,27.24,330,330,0,0,0,37,25,330
L1,rlf_cycle_clean_channel,rlf_cycle,2026-04-01T16:35:51.000000Z,1775061351.0,13.0,27.49,345,345,0,0,0,37,25,345
L1,rlf_cycle_clean_channel,rlf_cycle,2026-04-01T16:35:52.000000Z,1775061352.0,14.0,27.42,336,336,0,0,0,37,25,336
L1,rlf_cycle_clean_channel,rlf_cycle,2026-04-01T16:35:53.000000Z,1775061353.0,15.0,27.47,343,343,0,0,0,37,25,343
L1,rlf_cycle_clean_channel,rlf_cycle,2026-04-01T16:35:54.000000Z,1775061354.0,16.0,27.24,331,331,0,0,0,38,25,331
L1,rlf_cycle_clean_channel,rlf_cycle,2026-04-01T16:35:55.000000Z,1775061355.0,17.0,27.51,343,343,0,0,0,37,25,343
L1,rlf_cycle_clean_channel,rlf_cycle,2026-04-01T16:35:56.000000Z,1775061356.0,18.0,27.02,317,317,0,0,0,37,25,317
L1,rlf_cycle_clean_channel,rlf_cycle,2026-04-01T16:35:57.000000Z,1775061357.0,19.0,26.84,318,318,0,0,0,37,25,318
L1,rlf_cycle_clean_channel,rlf_cycle,2026-04-01T16:35:58.000000Z,1775061358.0,20.0,27.0,323,323,0,0,0,37,25,323
L1,rlf_cycle_clean_channel,rlf_cycle,2026-04-01T16:35:59.000000Z,1775061359.0,21.0,27.69,346,346,0,0,0,37,25,346
L1,rlf_cycle_clean_channel,rlf_cycle,2026-04-01T16:36:00.000000Z,1775061360.0,22.0,27.58,343,343,0,0,0,37,25,343
L1,rlf_cycle_clean_channel,rlf_cycle,2026-04-01T16:36:01.000000Z,1775061361.0,23.0,27.27,329,329,0,0,0,37,25,329
L1,rlf_cycle_clean_channel,rlf_cycle,2026-04-01T16:36:02.000000Z,1775061362.0,24.0,27.67,350,350,0,0,0,37,25,350
L1,rlf_cycle_clean_channel,rlf_cycle,2026-04-01T16:36:03.000000Z,1775061363.0,25.0,27.58,336,336,0,0,0,37,25,336
L1,rlf_cycle_clean_channel,rlf_cycle,2026-04-01T16:36:05.000000Z,1775061365.0,27.0,27.53,689,689,0,0,0,37,25,689
L1,rlf_cycle_clean_channel,rlf_cycle,2026-04-01T16:36:06.000000Z,1775061366.0,28.0,27.24,330,330,0,0,0,37,25,330
L1,rlf_cycle_clean_channel,rlf_cycle,2026-04-01T16:36:07.000000Z,1775061367.0,29.0,27.41,343,343,0,0,0,37,25,343
L1,rlf_cycle_clean_channel,rlf_cycle,2026-04-01T16:36:08.000000Z,1775061368.0,30.0,27.69,350,350,0,0,0,37,25,350
L1,rlf_cycle_clean_channel,rlf_cycle,2026-04-01T16:36:09.000000Z,1775061369.0,31.0,27.69,350,350,0,0,0,37,25,350
L1,rlf_cycle_clean_channel,rlf_cycle,2026-04-01T16:36:10.000000Z,1775061370.0,32.0,27.61,346,346,0,0,0,37,25,346
L1,rlf_cycle_clean_channel,rlf_cycle,2026-04-01T16:36:11.000000Z,1775061371.0,33.0,27.44,336,336,0,0,0,38,25,336
L1,rlf_cycle_clean_channel,rlf_cycle,2026-04-01T16:36:12.000000Z,1775061372.0,34.0,27.74,352,352,0,0,0,37,25,352
L1,rlf_cycle_clean_channel,rlf_cycle,2026-04-01T16:36:13.000000Z,1775061373.0,35.0,27.68,351,351,0,0,0,37,25,351
L1,rlf_cycle_clean_channel,rlf_cycle,2026-04-01T16:36:14.000000Z,1775061374.0,36.0,27.83,350,350,0,0,0,37,25,350
L1,rlf_cycle_clean_channel,rlf_cycle,2026-04-01T16:36:15.000000Z,1775061375.0,37.0,27.73,349,349,0,0,0,37,25,349
L1,rlf_cycle_clean_channel,rlf_cycle,2026-04-01T16:36:16.000000Z,1775061376.0,38.0,27.58,347,347,0,0,0,37,25,347
L1,rlf_cycle_clean_channel,rlf_cycle,2026-04-01T16:36:17.000000Z,1775061377.0,39.0,27.66,344,344,0,0,0,37,25,344
L1,rlf_cycle_clean_channel,rlf_cycle,2026-04-01T16:36:18.000000Z,1775061378.0,40.0,28.07,361,361,0,0,0,38,25,361
L1,rlf_cycle_clean_channel,rlf_cycle,2026-04-01T16:36:19.000000Z,1775061379.0,41.0,27.82,358,358,0,0,0,37,25,358
L1,rlf_cycle_clean_channel,rlf_cycle,2026-04-01T16:36:21.000000Z,1775061381.0,43.0,27.44,675,675,0,0,0,38,25,675
L1,rlf_cycle_clean_channel,rlf_cycle,2026-04-01T16:36:22.000000Z,1775061382.0,44.0,28.31,364,364,0,0,0,37,25,364
L1,rlf_cycle_clean_channel,rlf_cycle,2026-04-01T16:36:23.000000Z,1775061383.0,45.0,27.64,353,353,0,0,0,37,25,353
L1,rlf_cycle_clean_channel,rlf_cycle,2026-04-01T16:36:24.000000Z,1775061384.0,46.0,27.52,341,341,0,0,0,38,25,341
L1,rlf_cycle_clean_channel,rlf_cycle,2026-04-01T16:36:25.000000Z,1775061385.0,47.0,27.59,344,344,0,0,0,37,25,344
L1,rlf_cycle_clean_channel,rlf_cycle,2026-04-01T16:36:26.000000Z,1775061386.0,48.0,27.46,337,337,0,0,0,37,25,337
L1,rlf_cycle_clean_channel,rlf_cycle,2026-04-01T16:36:27.000000Z,1775061387.0,49.0,27.41,346,346,0,0,0,37,25,346
L1,rlf_cycle_clean_channel,rlf_cycle,2026-04-01T16:36:28.000000Z,1775061388.0,50.0,27.7,351,351,0,0,0,37,25,351
L1,rlf_cycle_clean_channel,rlf_cycle,2026-04-01T16:36:29.000000Z,1775061389.0,51.0,27.76,346,346,0,0,0,37,25,346
L1,rlf_cycle_clean_channel,rlf_cycle,2026-04-01T16:36:30.000000Z,1775061390.0,52.0,27.34,340,340,0,0,0,37,25,340
L1,rlf_cycle_clean_channel,rlf_cycle,2026-04-01T16:36:31.000000Z,1775061391.0,53.0,27.6,341,341,0,0,0,37,25,341
L1,rlf_cycle_clean_channel,rlf_cycle,2026-04-01T16:36:32.000000Z,1775061392.0,54.0,27.83,351,351,0,0,0,37,25,351
L1,rlf_cycle_clean_channel,rlf_cycle,2026-04-01T16:36:33.000000Z,1775061393.0,55.0,27.55,341,341,0,0,0,37,25,341
L1,rlf_cycle_clean_channel,rlf_cycle,2026-04-01T16:36:34.000000Z,1775061394.0,56.0,27.41,336,336,0,0,0,37,25,336
L1,rlf_cycle_clean_channel,rlf_cycle,2026-04-01T16:36:35.000000Z,1775061395.0,57.0,27.36,338,338,0,0,0,37,25,338
L1,rlf_cycle_clean_channel,rlf_cycle,2026-04-01T16:36:37.000000Z,1775061397.0,59.0,27.96,713,713,0,0,0,37,25,713
L1,rlf_cycle_clean_channel,rlf_cycle,2026-04-01T16:36:38.000000Z,1775061398.0,60.0,27.36,339,339,0,0,0,37,25,339
L1,rlf_cycle_clean_channel,rlf_cycle,2026-04-01T16:36:39.000000Z,1775061399.0,61.0,27.17,330,330,0,0,0,37,25,330
L1,rlf_cycle_clean_channel,rlf_cycle,2026-04-01T16:36:40.000000Z,1775061400.0,62.0,28.07,356,356,0,0,0,37,25,356
L1,rlf_cycle_clean_channel,rlf_cycle,2026-04-01T16:36:41.000000Z,1775061401.0,63.0,27.57,345,345,0,0,0,37,25,345
L1,rlf_cycle_clean_channel,rlf_cycle,2026-04-01T16:36:42.000000Z,1775061402.0,64.0,26.92,323,323,0,0,0,37,25,323
L1,rlf_cycle_clean_channel,rlf_cycle,2026-04-01T16:36:43.000000Z,1775061403.0,65.0,27.73,354,354,0,0,0,38,25,354
L1,rlf_cycle_clean_channel,rlf_cycle,2026-04-01T16:36:44.000000Z,1775061404.0,66.0,27.75,350,350,0,0,0,37,25,350
L1,rlf_cycle_clean_channel,rlf_cycle,2026-04-01T16:36:45.000000Z,1775061405.0,67.0,28.18,368,368,0,0,0,37,25,368
L1,rlf_cycle_clean_channel,rlf_cycle,2026-04-01T16:36:46.000000Z,1775061406.0,68.0,28.15,361,361,0,0,0,37,25,361
L1,rlf_cycle_clean_channel,rlf_cycle,2026-04-01T16:36:47.000000Z,1775061407.0,69.0,27.24,334,334,0,0,0,37,25,334
L1,rlf_cycle_clean_channel,rlf_cycle,2026-04-01T16:36:48.000000Z,1775061408.0,70.0,27.64,348,348,0,0,0,37,25,348
L1,rlf_cycle_clean_channel,rlf_cycle,2026-04-01T16:36:49.000000Z,1775061409.0,71.0,27.58,345,345,0,0,0,37,25,345
L1,rlf_cycle_clean_channel,rlf_cycle,2026-04-01T16:36:50.000000Z,1775061410.0,72.0,27.83,357,357,0,0,0,37,25,357
L1,rlf_cycle_clean_channel,rlf_cycle,2026-04-01T16:36:51.000000Z,1775061411.0,73.0,27.69,348,348,0,0,0,37,25,348
L1,rlf_cycle_clean_channel,rlf_cycle,2026-04-01T16:36:53.000000Z,1775061413.0,75.0,27.64,695,695,0,0,0,38,25,695
L1,rlf_cycle_clean_channel,rlf_cycle,2026-04-01T16:36:54.000000Z,1775061414.0,76.0,28.28,370,370,0,0,0,38,25,370
L1,rlf_cycle_clean_channel,rlf_cycle,2026-04-01T16:36:55.000000Z,1775061415.0,77.0,27.95,360,360,0,0,0,37,25,360
L1,rlf_cycle_clean_channel,rlf_cycle,2026-04-01T16:36:56.000000Z,1775061416.0,78.0,27.67,347,347,0,0,0,37,25,347
L1,rlf_cycle_clean_channel,rlf_cycle,2026-04-01T16:36:57.000000Z,1775061417.0,79.0,37.21,375,375,4,0,18,65,25,278
L1,rlf_cycle_clean_channel,rlf_cycle,2026-04-01T16:36:58.000000Z,1775061418.0,80.0,65.0,576,576,4,0,114,65,65,0
L1,rlf_cycle_clean_channel,rlf_cycle,2026-04-01T16:36:59.000000Z,1775061419.0,81.0,65.0,582,582,4,0,115,65,65,0
L1,rlf_cycle_clean_channel,rlf_cycle,2026-04-01T16:37:00.000000Z,1775061420.0,82.0,65.0,581,581,4,0,119,65,65,0
L1,rlf_cycle_clean_channel,rlf_cycle,2026-04-01T16:37:01.000000Z,1775061421.0,83.0,58.61,559,559,4,0,95,65,-31,61
L1,rlf_cycle_clean_channel,rlf_cycle,2026-04-01T16:37:02.000000Z,1775061422.0,84.0,23.76,447,447,2,0,0,37,-40,318
L1,rlf_cycle_clean_channel,rlf_cycle,2026-04-01T16:37:03.000000Z,1775061423.0,85.0,23.64,417,417,2,0,0,37,-49,297
L1,rlf_cycle_clean_channel,rlf_cycle,2026-04-01T16:37:04.000000Z,1775061424.0,86.0,23.77,408,408,2,0,0,37,-34,300
L1,rlf_cycle_clean_channel,rlf_cycle,2026-04-01T16:37:05.000000Z,1775061425.0,87.0,24.25,416,416,2,0,0,65,-38,304
L1,rlf_cycle_clean_channel,rlf_cycle,2026-04-01T16:37:06.000000Z,1775061426.0,88.0,23.67,430,430,2,0,0,37,-37,304
L1,rlf_cycle_clean_channel,rlf_cycle,2026-04-01T16:37:07.000000Z,1775061427.0,89.0,24.47,435,435,2,0,0,65,-51,304
L1,rlf_cycle_clean_channel,rlf_cycle,2026-04-01T16:37:09.000000Z,1775061429.0,91.0,23.85,627,627,2,0,2,65,-56,439
S1,cell_edge_cw_interference,steady_impairment,2026-04-02T08:53:10.000000Z,1775119990.0,1.0,43.4,20,20,0,0,0,65,27,18
S1,cell_edge_cw_interference,steady_impairment,2026-04-02T08:53:13.000000Z,1775119993.0,4.0,14.5,16,16,4,0,1,65,-21,5
S1,cell_edge_cw_interference,steady_impairment,2026-04-02T08:53:14.000000Z,1775119994.0,5.0,27.58,43,43,4,0,1,65,-34,20
S1,cell_edge_cw_interference,steady_impairment,2026-04-02T08:53:15.000000Z,1775119995.0,6.0,42.66,29,29,1,0,0,65,39,25
S1,cell_edge_cw_interference,steady_impairment,2026-04-02T08:53:16.000000Z,1775119996.0,7.0,39.74,34,34,0,0,0,65,38,33
S1,cell_edge_cw_interference,steady_impairment,2026-04-02T08:53:17.000000Z,1775119997.0,8.0,31.01,227,227,0,0,0,65,16,222
S1,cell_edge_cw_interference,steady_impairment,2026-04-02T08:53:18.000000Z,1775119998.0,9.0,32.8,298,298,1,0,0,65,11,292
S1,cell_edge_cw_interference,steady_impairment,2026-04-02T08:53:19.000000Z,1775119999.0,10.0,34.78,301,301,0,0,0,65,17,294
S1,cell_edge_cw_interference,steady_impairment,2026-04-02T08:53:20.000000Z,1775120000.0,11.0,38.75,315,315,4,0,2,65,-60,253
S1,cell_edge_cw_interference,steady_impairment,2026-04-02T08:53:21.000000Z,1775120001.0,12.0,30.11,317,317,1,0,0,65,7,304
S1,cell_edge_cw_interference,steady_impairment,2026-04-02T08:53:22.000000Z,1775120002.0,13.0,25.59,323,323,4,0,7,65,-66,222
S1,cell_edge_cw_interference,steady_impairment,2026-04-02T08:53:23.000000Z,1775120003.0,14.0,24.65,322,322,4,0,9,65,-66,198
S1,cell_edge_cw_interference,steady_impairment,2026-04-02T08:53:24.000000Z,1775120004.0,15.0,26.5,381,381,4,0,8,65,-66,230
S1,cell_edge_cw_interference,steady_impairment,2026-04-02T08:53:25.000000Z,1775120005.0,16.0,29.8,367,367,4,0,2,65,-66,261
S1,cell_edge_cw_interference,steady_impairment,2026-04-02T08:53:26.000000Z,1775120006.0,17.0,31.16,328,328,3,0,0,65,-41,290
S1,cell_edge_cw_interference,steady_impairment,2026-04-02T08:53:28.000000Z,1775120008.0,19.0,31.17,665,665,4,0,6,65,-66,521
S1,cell_edge_cw_interference,steady_impairment,2026-04-02T08:53:29.000000Z,1775120009.0,20.0,34.31,308,308,2,0,0,65,-66,279
S1,cell_edge_cw_interference,steady_impairment,2026-04-02T08:53:30.000000Z,1775120010.0,21.0,17.5,353,353,4,0,14,65,-66,179
S1,cell_edge_cw_interference,steady_impairment,2026-04-02T08:53:31.000000Z,1775120011.0,22.0,4.65,342,342,4,0,22,65,-66,120
S1,cell_edge_cw_interference,steady_impairment,2026-04-02T08:53:32.000000Z,1775120012.0,23.0,28.43,345,345,0,0,0,65,10,333
S1,cell_edge_cw_interference,steady_impairment,2026-04-02T08:53:33.000000Z,1775120013.0,24.0,35.9,307,307,2,0,0,65,-43,279
S1,cell_edge_cw_interference,steady_impairment,2026-04-02T08:53:34.000000Z,1775120014.0,25.0,28.56,357,357,4,0,2,65,-66,231
S1,cell_edge_cw_interference,steady_impairment,2026-04-02T08:53:35.000000Z,1775120015.0,26.0,32.34,325,325,4,0,1,65,-66,267
S1,cell_edge_cw_interference,steady_impairment,2026-04-02T08:53:36.000000Z,1775120016.0,27.0,38.36,303,303,3,0,0,65,-30,280
S1,cell_edge_cw_interference,steady_impairment,2026-04-02T08:53:37.000000Z,1775120017.0,28.0,31.96,224,224,4,0,2,65,6,201
S1,cell_edge_cw_interference,steady_impairment,2026-04-02T08:53:38.000000Z,1775120018.0,29.0,32.24,34,34,2,0,0,65,-32,24
S2,rayleigh_deep_fade,steady_impairment,2026-04-01T16:29:29.000000Z,1775060969.0,0.0,35.58,12,12,0,0,0,39,30,12
S2,rayleigh_deep_fade,steady_impairment,2026-04-01T16:29:30.000000Z,1775060970.0,1.0,37.0,4,4,0,0,0,37,37,4
S2,rayleigh_deep_fade,steady_impairment,2026-04-01T16:29:31.000000Z,1775060971.0,2.0,29.38,104,104,0,0,0,37,25,104
S2,rayleigh_deep_fade,steady_impairment,2026-04-01T16:29:32.000000Z,1775060972.0,3.0,28.41,208,208,0,0,0,37,25,208
S2,rayleigh_deep_fade,steady_impairment,2026-04-01T16:29:33.000000Z,1775060973.0,4.0,28.03,206,206,0,0,0,37,25,206
S2,rayleigh_deep_fade,steady_impairment,2026-04-01T16:29:34.000000Z,1775060974.0,5.0,27.64,190,190,0,0,0,37,25,190
S2,rayleigh_deep_fade,steady_impairment,2026-04-01T16:29:35.000000Z,1775060975.0,6.0,28.25,204,204,0,0,0,37,25,204
S2,rayleigh_deep_fade,steady_impairment,2026-04-01T16:29:37.000000Z,1775060977.0,8.0,27.94,396,396,0,0,0,37,25,396
S2,rayleigh_deep_fade,steady_impairment,2026-04-01T16:29:38.000000Z,1775060978.0,9.0,28.41,206,206,0,0,0,37,25,206
S2,rayleigh_deep_fade,steady_impairment,2026-04-01T16:29:39.000000Z,1775060979.0,10.0,28.83,221,221,0,0,0,37,25,221
S2,rayleigh_deep_fade,steady_impairment,2026-04-01T16:29:40.000000Z,1775060980.0,11.0,27.86,200,200,0,0,0,37,25,200
S2,rayleigh_deep_fade,steady_impairment,2026-04-01T16:29:41.000000Z,1775060981.0,12.0,27.83,192,192,0,0,0,37,25,192
S2,rayleigh_deep_fade,steady_impairment,2026-04-01T16:29:42.000000Z,1775060982.0,13.0,28.04,195,195,0,0,0,37,25,195
S2,rayleigh_deep_fade,steady_impairment,2026-04-01T16:29:43.000000Z,1775060983.0,14.0,28.11,197,197,0,0,0,37,25,197
S2,rayleigh_deep_fade,steady_impairment,2026-04-01T16:29:44.000000Z,1775060984.0,15.0,27.91,193,193,0,0,0,37,25,193
S2,rayleigh_deep_fade,steady_impairment,2026-04-01T16:29:45.000000Z,1775060985.0,16.0,28.15,204,204,0,0,0,38,25,204
S2,rayleigh_deep_fade,steady_impairment,2026-04-01T16:29:46.000000Z,1775060986.0,17.0,27.77,192,192,0,0,0,37,25,192
S2,rayleigh_deep_fade,steady_impairment,2026-04-01T16:29:47.000000Z,1775060987.0,18.0,28.04,190,190,0,0,0,38,25,190
S2,rayleigh_deep_fade,steady_impairment,2026-04-01T16:29:48.000000Z,1775060988.0,19.0,28.86,210,210,0,0,0,37,25,210
S2,rayleigh_deep_fade,steady_impairment,2026-04-01T16:29:49.000000Z,1775060989.0,20.0,28.66,209,209,0,0,0,37,25,209
S2,rayleigh_deep_fade,steady_impairment,2026-04-01T16:29:50.000000Z,1775060990.0,21.0,27.82,190,190,0,0,0,37,25,190
S2,rayleigh_deep_fade,steady_impairment,2026-04-01T16:29:51.000000Z,1775060991.0,22.0,28.12,206,206,0,0,0,37,25,206
S2,rayleigh_deep_fade,steady_impairment,2026-04-01T16:29:53.000000Z,1775060993.0,24.0,27.8,384,384,0,0,0,37,25,384
S2,rayleigh_deep_fade,steady_impairment,2026-04-01T16:29:54.000000Z,1775060994.0,25.0,28.06,199,199,0,0,0,37,25,199
S2,rayleigh_deep_fade,steady_impairment,2026-04-01T16:29:55.000000Z,1775060995.0,26.0,27.78,193,193,0,0,0,38,25,193
S2,rayleigh_deep_fade,steady_impairment,2026-04-01T16:29:56.000000Z,1775060996.0,27.0,28.6,204,204,0,0,0,37,25,204
S2,rayleigh_deep_fade,steady_impairment,2026-04-01T16:29:57.000000Z,1775060997.0,28.0,28.58,200,200,0,0,0,38,25,200
S2,rayleigh_deep_fade,steady_impairment,2026-04-01T16:29:58.000000Z,1775060998.0,29.0,27.77,193,193,0,0,0,37,25,193
S2,rayleigh_deep_fade,steady_impairment,2026-04-01T16:29:59.000000Z,1775060999.0,30.0,28.37,203,203,0,0,0,37,25,203
S2,rayleigh_deep_fade,steady_impairment,2026-04-01T16:30:00.000000Z,1775061000.0,31.0,27.9,188,188,0,0,0,37,25,188
S2,rayleigh_deep_fade,steady_impairment,2026-04-01T16:30:01.000000Z,1775061001.0,32.0,27.83,184,184,0,0,0,37,25,184
S2,rayleigh_deep_fade,steady_impairment,2026-04-01T16:30:02.000000Z,1775061002.0,33.0,28.07,187,187,0,0,0,38,25,187
S2,rayleigh_deep_fade,steady_impairment,2026-04-01T16:30:03.000000Z,1775061003.0,34.0,28.57,208,208,0,0,0,37,25,208
S2,rayleigh_deep_fade,steady_impairment,2026-04-01T16:30:04.000000Z,1775061004.0,35.0,27.81,190,190,0,0,0,37,25,190
S2,rayleigh_deep_fade,steady_impairment,2026-04-01T16:30:05.000000Z,1775061005.0,36.0,27.79,194,194,0,0,0,37,25,194
S2,rayleigh_deep_fade,steady_impairment,2026-04-01T16:30:06.000000Z,1775061006.0,37.0,27.47,177,177,0,0,0,37,25,177
S2,rayleigh_deep_fade,steady_impairment,2026-04-01T16:30:07.000000Z,1775061007.0,38.0,28.04,184,184,0,0,0,37,25,184
S2,rayleigh_deep_fade,steady_impairment,2026-04-01T16:30:09.000000Z,1775061009.0,40.0,27.85,394,394,0,0,0,37,25,394
S2,rayleigh_deep_fade,steady_impairment,2026-04-01T16:30:10.000000Z,1775061010.0,41.0,28.75,208,208,0,0,0,37,25,208
S2,rayleigh_deep_fade,steady_impairment,2026-04-01T16:30:11.000000Z,1775061011.0,42.0,27.95,190,190,0,0,0,37,25,190
S2,rayleigh_deep_fade,steady_impairment,2026-04-01T16:30:12.000000Z,1775061012.0,43.0,27.94,196,196,0,0,0,37,25,196
S2,rayleigh_deep_fade,steady_impairment,2026-04-01T16:30:13.000000Z,1775061013.0,44.0,27.96,195,195,0,0,0,37,25,195
S2,rayleigh_deep_fade,steady_impairment,2026-04-01T16:30:14.000000Z,1775061014.0,45.0,27.79,180,180,0,0,0,37,25,180
S2,rayleigh_deep_fade,steady_impairment,2026-04-01T16:30:15.000000Z,1775061015.0,46.0,27.76,188,188,0,0,0,37,25,188
S2,rayleigh_deep_fade,steady_impairment,2026-04-01T16:30:17.000000Z,1775061017.0,48.0,28.28,206,206,0,0,0,37,25,206
S2,rayleigh_deep_fade,steady_impairment,2026-04-01T16:30:18.000000Z,1775061018.0,49.0,28.09,199,199,0,0,0,37,25,199
S2,rayleigh_deep_fade,steady_impairment,2026-04-01T16:30:19.000000Z,1775061019.0,50.0,28.49,209,209,0,0,0,38,25,209
S2,rayleigh_deep_fade,steady_impairment,2026-04-01T16:30:20.000000Z,1775061020.0,51.0,27.9,197,197,0,0,0,37,25,197
S2,rayleigh_deep_fade,steady_impairment,2026-04-01T16:30:21.000000Z,1775061021.0,52.0,27.76,192,192,0,0,0,37,25,192
S2,rayleigh_deep_fade,steady_impairment,2026-04-01T16:30:22.000000Z,1775061022.0,53.0,28.09,206,206,0,0,0,37,25,206
S2,rayleigh_deep_fade,steady_impairment,2026-04-01T16:30:23.000000Z,1775061023.0,54.0,27.97,189,189,0,0,0,37,25,189
S2,rayleigh_deep_fade,steady_impairment,2026-04-01T16:30:24.000000Z,1775061024.0,55.0,28.23,197,197,0,0,0,37,25,197
S2,rayleigh_deep_fade,steady_impairment,2026-04-01T16:30:26.000000Z,1775061026.0,57.0,28.01,393,393,0,0,0,37,25,393
S2,rayleigh_deep_fade,steady_impairment,2026-04-01T16:30:27.000000Z,1775061027.0,58.0,27.91,194,194,0,0,0,37,25,194
S2,rayleigh_deep_fade,steady_impairment,2026-04-01T16:30:28.000000Z,1775061028.0,59.0,27.87,190,190,0,0,0,37,25,190
S2,rayleigh_deep_fade,steady_impairment,2026-04-01T16:30:29.000000Z,1775061029.0,60.0,27.97,194,194,0,0,0,37,25,194
S2,rayleigh_deep_fade,steady_impairment,2026-04-01T16:30:30.000000Z,1775061030.0,61.0,27.91,207,207,0,0,0,37,25,207
S2,rayleigh_deep_fade,steady_impairment,2026-04-01T16:30:31.000000Z,1775061031.0,62.0,28.15,205,205,0,0,0,37,25,205
S2,rayleigh_deep_fade,steady_impairment,2026-04-01T16:30:32.000000Z,1775061032.0,63.0,27.91,198,198,0,0,0,37,25,198
S2,rayleigh_deep_fade,steady_impairment,2026-04-01T16:30:33.000000Z,1775061033.0,64.0,28.42,208,208,0,0,0,37,25,208
S2,rayleigh_deep_fade,steady_impairment,2026-04-01T16:30:34.000000Z,1775061034.0,65.0,28.56,215,215,0,0,0,37,25,215
S2,rayleigh_deep_fade,steady_impairment,2026-04-01T16:30:35.000000Z,1775061035.0,66.0,28.69,217,217,0,0,0,37,25,217
S2,rayleigh_deep_fade,steady_impairment,2026-04-01T16:30:36.000000Z,1775061036.0,67.0,28.32,209,209,0,0,0,37,25,209
S2,rayleigh_deep_fade,steady_impairment,2026-04-01T16:30:37.000000Z,1775061037.0,68.0,28.14,200,200,0,0,0,37,25,200
S2,rayleigh_deep_fade,steady_impairment,2026-04-01T16:30:38.000000Z,1775061038.0,69.0,28.12,197,197,0,0,0,37,25,197
S2,rayleigh_deep_fade,steady_impairment,2026-04-01T16:30:39.000000Z,1775061039.0,70.0,27.87,189,189,0,0,0,37,25,189
S2,rayleigh_deep_fade,steady_impairment,2026-04-01T16:30:40.000000Z,1775061040.0,71.0,27.96,192,192,0,0,0,37,25,192
S2,rayleigh_deep_fade,steady_impairment,2026-04-01T16:30:42.000000Z,1775061042.0,73.0,28.15,394,394,0,0,0,37,25,394
S2,rayleigh_deep_fade,steady_impairment,2026-04-01T16:30:43.000000Z,1775061043.0,74.0,27.85,196,196,0,0,0,37,25,196
S2,rayleigh_deep_fade,steady_impairment,2026-04-01T16:30:44.000000Z,1775061044.0,75.0,28.4,211,211,0,0,0,37,25,211
S2,rayleigh_deep_fade,steady_impairment,2026-04-01T16:30:45.000000Z,1775061045.0,76.0,27.83,192,192,0,0,0,37,25,192
S2,rayleigh_deep_fade,steady_impairment,2026-04-01T16:30:46.000000Z,1775061046.0,77.0,28.21,197,197,0,0,0,37,25,197
S2,rayleigh_deep_fade,steady_impairment,2026-04-01T16:30:47.000000Z,1775061047.0,78.0,27.84,193,193,0,0,0,37,25,193
S2,rayleigh_deep_fade,steady_impairment,2026-04-01T16:30:48.000000Z,1775061048.0,79.0,28.2,190,190,0,0,0,37,25,190
S2,rayleigh_deep_fade,steady_impairment,2026-04-01T16:30:49.000000Z,1775061049.0,80.0,27.8,178,178,0,0,0,37,25,178
S2,rayleigh_deep_fade,steady_impairment,2026-04-01T16:30:50.000000Z,1775061050.0,81.0,27.88,200,200,0,0,0,37,25,200
S2,rayleigh_deep_fade,steady_impairment,2026-04-01T16:30:51.000000Z,1775061051.0,82.0,28.01,197,197,0,0,0,37,25,197
S2,rayleigh_deep_fade,steady_impairment,2026-04-01T16:30:52.000000Z,1775061052.0,83.0,27.77,195,195,0,0,0,37,25,195
S2,rayleigh_deep_fade,steady_impairment,2026-04-01T16:30:53.000000Z,1775061053.0,84.0,28.15,198,198,0,0,0,37,25,198
S2,rayleigh_deep_fade,steady_impairment,2026-04-01T16:30:54.000000Z,1775061054.0,85.0,28.18,202,202,0,0,0,38,25,202
S2,rayleigh_deep_fade,steady_impairment,2026-04-01T16:30:55.000000Z,1775061055.0,86.0,28.02,193,193,0,0,0,37,25,193
S2,rayleigh_deep_fade,steady_impairment,2026-04-01T16:30:56.000000Z,1775061056.0,87.0,27.89,189,189,0,0,0,37,25,189
S2,rayleigh_deep_fade,steady_impairment,2026-04-01T16:30:58.000000Z,1775061058.0,89.0,28.07,385,385,0,0,0,37,25,385
S2,rayleigh_deep_fade,steady_impairment,2026-04-01T16:30:59.000000Z,1775061059.0,90.0,27.54,188,188,0,0,0,37,25,188
S2,rayleigh_deep_fade,steady_impairment,2026-04-01T16:31:00.000000Z,1775061060.0,91.0,28.16,204,204,0,0,0,37,25,204
S2,rayleigh_deep_fade,steady_impairment,2026-04-01T16:31:01.000000Z,1775061061.0,92.0,28.71,215,215,0,0,0,37,25,215
S2,rayleigh_deep_fade,steady_impairment,2026-04-01T16:31:02.000000Z,1775061062.0,93.0,27.45,186,186,0,0,0,34,25,186
S2,rayleigh_deep_fade,steady_impairment,2026-04-01T16:31:03.000000Z,1775061063.0,94.0,28.95,214,214,0,0,0,37,25,214
S2,rayleigh_deep_fade,steady_impairment,2026-04-01T16:31:04.000000Z,1775061064.0,95.0,28.02,192,192,0,0,0,37,25,192
S2,rayleigh_deep_fade,steady_impairment,2026-04-01T16:31:05.000000Z,1775061065.0,96.0,27.97,197,197,0,0,0,37,25,197
S2,rayleigh_deep_fade,steady_impairment,2026-04-01T16:31:06.000000Z,1775061066.0,97.0,28.91,215,215,0,0,0,37,25,215
S2,rayleigh_deep_fade,steady_impairment,2026-04-01T16:31:07.000000Z,1775061067.0,98.0,27.71,194,194,0,0,0,37,25,194
S2,rayleigh_deep_fade,steady_impairment,2026-04-01T16:31:08.000000Z,1775061068.0,99.0,28.11,199,199,0,0,0,38,25,199
S2,rayleigh_deep_fade,steady_impairment,2026-04-01T16:31:09.000000Z,1775061069.0,100.0,27.76,196,196,0,0,0,37,25,196
S2,rayleigh_deep_fade,steady_impairment,2026-04-01T16:31:10.000000Z,1775061070.0,101.0,27.53,187,187,0,0,0,37,25,187
S2,rayleigh_deep_fade,steady_impairment,2026-04-01T16:31:11.000000Z,1775061071.0,102.0,27.73,193,193,0,0,0,37,25,193
S2,rayleigh_deep_fade,steady_impairment,2026-04-01T16:31:12.000000Z,1775061072.0,103.0,28.33,211,211,0,0,0,37,25,211
S2,rayleigh_deep_fade,steady_impairment,2026-04-01T16:31:14.000000Z,1775061074.0,105.0,27.84,387,387,0,0,0,37,25,387
S2,rayleigh_deep_fade,steady_impairment,2026-04-01T16:31:15.000000Z,1775061075.0,106.0,27.91,199,199,0,0,0,37,25,199
S2,rayleigh_deep_fade,steady_impairment,2026-04-01T16:31:16.000000Z,1775061076.0,107.0,28.19,201,201,0,0,0,37,25,201
S2,rayleigh_deep_fade,steady_impairment,2026-04-01T16:31:17.000000Z,1775061077.0,108.0,28.43,210,210,0,0,0,37,25,210
S2,rayleigh_deep_fade,steady_impairment,2026-04-01T16:31:18.000000Z,1775061078.0,109.0,28.52,210,210,0,0,0,37,25,210
S2,rayleigh_deep_fade,steady_impairment,2026-04-01T16:31:19.000000Z,1775061079.0,110.0,28.22,204,204,0,0,0,37,25,204
S2,rayleigh_deep_fade,steady_impairment,2026-04-01T16:31:20.000000Z,1775061080.0,111.0,28.49,211,211,0,0,0,37,25,211
S2,rayleigh_deep_fade,steady_impairment,2026-04-01T16:31:21.000000Z,1775061081.0,112.0,28.36,201,201,0,0,0,37,25,201
S2,rayleigh_deep_fade,steady_impairment,2026-04-01T16:31:22.000000Z,1775061082.0,113.0,27.87,190,190,0,0,0,37,25,190
S2,rayleigh_deep_fade,steady_impairment,2026-04-01T16:31:23.000000Z,1775061083.0,114.0,28.21,205,205,0,0,0,38,25,205
S2,rayleigh_deep_fade,steady_impairment,2026-04-01T16:31:24.000000Z,1775061084.0,115.0,27.95,199,199,0,0,0,37,25,199
S2,rayleigh_deep_fade,steady_impairment,2026-04-01T16:31:25.000000Z,1775061085.0,116.0,27.91,193,193,0,0,0,37,25,193
S2,rayleigh_deep_fade,steady_impairment,2026-04-01T16:31:26.000000Z,1775061086.0,117.0,27.9,188,188,0,0,0,37,25,188
S2,rayleigh_deep_fade,steady_impairment,2026-04-01T16:31:27.000000Z,1775061087.0,118.0,28.35,192,192,0,0,0,37,25,192
T1,driveby_vehicular_epa,time_varying,2026-04-02T08:27:12.000000Z,1775118432.0,1.0,50.5,22,22,4,0,1,65,27,14
T1,driveby_vehicular_epa,time_varying,2026-04-02T08:27:13.000000Z,1775118433.0,2.0,39.0,3,3,0,0,0,42,36,3
T1,driveby_vehicular_epa,time_varying,2026-04-02T08:27:14.000000Z,1775118434.0,3.0,34.65,37,37,0,0,0,42,24,37
T1,driveby_vehicular_epa,time_varying,2026-04-02T08:27:15.000000Z,1775118435.0,4.0,36.46,421,421,4,0,1,65,-66,372
T1,driveby_vehicular_epa,time_varying,2026-04-02T08:27:18.000000Z,1775118438.0,7.0,31.76,800,800,4,0,3,65,-66,565
T1,driveby_vehicular_epa,time_varying,2026-04-02T08:27:19.000000Z,1775118439.0,8.0,32.19,386,386,3,0,0,65,-66,274
T1,driveby_vehicular_epa,time_varying,2026-04-02T08:27:20.000000Z,1775118440.0,9.0,35.03,404,404,1,0,0,65,-29,383
T1,driveby_vehicular_epa,time_varying,2026-04-02T08:27:21.000000Z,1775118441.0,10.0,35.15,375,375,4,0,1,65,-66,335
T1,driveby_vehicular_epa,time_varying,2026-04-02T08:27:22.000000Z,1775118442.0,11.0,34.9,389,389,4,0,2,65,-66,286
T1,driveby_vehicular_epa,time_varying,2026-04-02T08:27:23.000000Z,1775118443.0,12.0,33.06,394,394,4,0,1,65,-66,317
T1,driveby_vehicular_epa,time_varying,2026-04-02T08:27:24.000000Z,1775118444.0,13.0,36.42,409,409,4,0,1,65,-66,333
T1,driveby_vehicular_epa,time_varying,2026-04-02T08:27:25.000000Z,1775118445.0,14.0,33.85,389,389,3,0,0,65,-66,330
T1,driveby_vehicular_epa,time_varying,2026-04-02T08:27:26.000000Z,1775118446.0,15.0,32.57,375,375,4,0,3,65,-66,243
T1,driveby_vehicular_epa,time_varying,2026-04-02T08:27:27.000000Z,1775118447.0,16.0,28.87,399,399,4,0,1,65,-66,267
T1,driveby_vehicular_epa,time_varying,2026-04-02T08:27:28.000000Z,1775118448.0,17.0,33.11,396,396,4,0,1,65,-66,338
T1,driveby_vehicular_epa,time_varying,2026-04-02T08:27:29.000000Z,1775118449.0,18.0,34.26,366,366,1,0,0,65,-30,357
T1,driveby_vehicular_epa,time_varying,2026-04-02T08:27:30.000000Z,1775118450.0,19.0,33.97,393,393,3,0,0,65,-66,301
T1,driveby_vehicular_epa,time_varying,2026-04-02T08:27:31.000000Z,1775118451.0,20.0,34.66,382,382,4,0,1,65,-66,298
T1,driveby_vehicular_epa,time_varying,2026-04-02T08:27:32.000000Z,1775118452.0,21.0,35.46,383,383,0,0,0,65,-26,375
T1,driveby_vehicular_epa,time_varying,2026-04-02T08:27:33.000000Z,1775118453.0,22.0,35.03,389,389,4,0,1,65,-66,267
T1,driveby_vehicular_epa,time_varying,2026-04-02T08:27:35.000000Z,1775118455.0,24.0,34.48,756,756,2,0,0,65,-35,735
T1,driveby_vehicular_epa,time_varying,2026-04-02T08:27:36.000000Z,1775118456.0,25.0,35.62,371,371,0,0,0,65,-27,354
T1,driveby_vehicular_epa,time_varying,2026-04-02T08:27:37.000000Z,1775118457.0,26.0,35.68,394,394,3,0,0,65,-66,315
T1,driveby_vehicular_epa,time_varying,2026-04-02T08:27:38.000000Z,1775118458.0,27.0,36.44,386,386,2,0,0,65,-31,353
T1,driveby_vehicular_epa,time_varying,2026-04-02T08:27:39.000000Z,1775118459.0,28.0,35.52,398,398,3,0,0,65,-66,310
T1,driveby_vehicular_epa,time_varying,2026-04-02T08:27:40.000000Z,1775118460.0,29.0,32.32,401,401,4,0,1,65,-66,270
T1,driveby_vehicular_epa,time_varying,2026-04-02T08:27:41.000000Z,1775118461.0,30.0,32.49,411,411,4,0,3,65,-66,316
T1,driveby_vehicular_epa,time_varying,2026-04-02T08:27:42.000000Z,1775118462.0,31.0,33.82,383,383,4,0,1,65,-66,248
T1,driveby_vehicular_epa,time_varying,2026-04-02T08:27:43.000000Z,1775118463.0,32.0,33.94,388,388,4,0,1,65,-66,276
T1,driveby_vehicular_epa,time_varying,2026-04-02T08:27:44.000000Z,1775118464.0,33.0,32.36,391,391,4,0,2,65,-66,243
T1,driveby_vehicular_epa,time_varying,2026-04-02T08:27:45.000000Z,1775118465.0,34.0,38.08,379,379,4,0,1,65,-66,280
T1,driveby_vehicular_epa,time_varying,2026-04-02T08:27:46.000000Z,1775118466.0,35.0,34.03,396,396,3,0,0,65,-66,333
T1,driveby_vehicular_epa,time_varying,2026-04-02T08:27:47.000000Z,1775118467.0,36.0,32.18,379,379,3,0,0,65,-66,278
T1,driveby_vehicular_epa,time_varying,2026-04-02T08:27:48.000000Z,1775118468.0,37.0,35.35,392,392,3,0,0,65,-66,329
T1,driveby_vehicular_epa,time_varying,2026-04-02T08:27:49.000000Z,1775118469.0,38.0,35.84,393,393,4,0,2,65,-66,337
T1,driveby_vehicular_epa,time_varying,2026-04-02T08:27:51.000000Z,1775118471.0,40.0,31.75,781,781,4,0,2,65,-66,503
T1,driveby_vehicular_epa,time_varying,2026-04-02T08:27:52.000000Z,1775118472.0,41.0,34.23,394,394,1,0,0,65,-28,378
T1,driveby_vehicular_epa,time_varying,2026-04-02T08:27:53.000000Z,1775118473.0,42.0,35.37,390,390,4,0,1,65,-66,291
T1,driveby_vehicular_epa,time_varying,2026-04-02T08:27:54.000000Z,1775118474.0,43.0,30.12,388,388,3,0,0,65,-66,255
T1,driveby_vehicular_epa,time_varying,2026-04-02T08:27:55.000000Z,1775118475.0,44.0,32.04,370,370,4,0,3,65,-66,224
T1,driveby_vehicular_epa,time_varying,2026-04-02T08:27:56.000000Z,1775118476.0,45.0,28.59,452,452,3,0,0,65,-66,301
T1,driveby_vehicular_epa,time_varying,2026-04-02T08:27:57.000000Z,1775118477.0,46.0,30.18,409,409,4,0,3,65,-66,307
T1,driveby_vehicular_epa,time_varying,2026-04-02T08:27:58.000000Z,1775118478.0,47.0,33.08,380,380,0,0,0,65,-31,371
T1,driveby_vehicular_epa,time_varying,2026-04-02T08:27:59.000000Z,1775118479.0,48.0,34.82,363,363,0,0,0,65,14,360
T1,driveby_vehicular_epa,time_varying,2026-04-02T08:28:00.000000Z,1775118480.0,49.0,35.92,366,366,0,0,0,65,16,364
T1,driveby_vehicular_epa,time_varying,2026-04-02T08:28:01.000000Z,1775118481.0,50.0,34.41,364,364,1,0,0,42,-31,354
T1,driveby_vehicular_epa,time_varying,2026-04-02T08:28:02.000000Z,1775118482.0,51.0,35.54,355,355,0,0,0,65,-25,352
T1,driveby_vehicular_epa,time_varying,2026-04-02T08:28:03.000000Z,1775118483.0,52.0,33.15,367,367,0,0,0,65,-37,359
T1,driveby_vehicular_epa,time_varying,2026-04-02T08:28:04.000000Z,1775118484.0,53.0,34.13,391,391,4,0,1,65,-66,338
T1,driveby_vehicular_epa,time_varying,2026-04-02T08:28:05.000000Z,1775118485.0,54.0,34.25,376,376,3,0,0,65,-66,313
T1,driveby_vehicular_epa,time_varying,2026-04-02T08:28:07.000000Z,1775118487.0,56.0,31.01,881,881,4,0,3,65,-66,647
T1,driveby_vehicular_epa,time_varying,2026-04-02T08:28:08.000000Z,1775118488.0,57.0,33.8,381,381,3,0,0,65,-66,330
T1,driveby_vehicular_epa,time_varying,2026-04-02T08:28:09.000000Z,1775118489.0,58.0,35.51,392,392,4,0,1,65,-66,330
T1,driveby_vehicular_epa,time_varying,2026-04-02T08:28:10.000000Z,1775118490.0,59.0,33.93,394,394,3,0,0,65,-66,309
T1,driveby_vehicular_epa,time_varying,2026-04-02T08:28:11.000000Z,1775118491.0,60.0,29.95,426,426,3,0,0,65,-66,277
T1,driveby_vehicular_epa,time_varying,2026-04-02T08:28:12.000000Z,1775118492.0,61.0,30.28,389,389,4,0,1,65,-66,260
T1,driveby_vehicular_epa,time_varying,2026-04-02T08:28:13.000000Z,1775118493.0,62.0,30.57,388,388,4,0,1,65,-66,248
T1,driveby_vehicular_epa,time_varying,2026-04-02T08:28:14.000000Z,1775118494.0,63.0,32.71,402,402,3,0,0,65,-66,311
T1,driveby_vehicular_epa,time_varying,2026-04-02T08:28:15.000000Z,1775118495.0,64.0,35.6,392,392,0,0,0,65,-31,372
T1,driveby_vehicular_epa,time_varying,2026-04-02T08:28:16.000000Z,1775118496.0,65.0,35.01,373,373,3,0,0,65,-66,338
T1,driveby_vehicular_epa,time_varying,2026-04-02T08:28:17.000000Z,1775118497.0,66.0,30.53,389,389,4,0,1,65,-66,245
T1,driveby_vehicular_epa,time_varying,2026-04-02T08:28:18.000000Z,1775118498.0,67.0,33.99,398,398,3,0,0,65,-66,311
T1,driveby_vehicular_epa,time_varying,2026-04-02T08:28:19.000000Z,1775118499.0,68.0,34.15,385,385,3,0,0,65,-66,327
T1,driveby_vehicular_epa,time_varying,2026-04-02T08:28:20.000000Z,1775118500.0,69.0,35.19,382,382,0,0,0,65,-26,368
T1,driveby_vehicular_epa,time_varying,2026-04-02T08:28:21.000000Z,1775118501.0,70.0,33.88,377,377,1,0,0,65,-31,352
T1,driveby_vehicular_epa,time_varying,2026-04-02T08:28:23.000000Z,1775118503.0,72.0,34.87,748,748,3,0,0,65,-66,687
T1,driveby_vehicular_epa,time_varying,2026-04-02T08:28:24.000000Z,1775118504.0,73.0,33.58,390,390,3,0,0,65,-66,320
T1,driveby_vehicular_epa,time_varying,2026-04-02T08:28:25.000000Z,1775118505.0,74.0,32.88,380,380,3,0,0,65,-66,291
T1,driveby_vehicular_epa,time_varying,2026-04-02T08:28:26.000000Z,1775118506.0,75.0,29.24,387,387,3,0,0,65,-66,250
T1,driveby_vehicular_epa,time_varying,2026-04-02T08:28:27.000000Z,1775118507.0,76.0,34.59,382,382,3,0,0,65,-28,366
T1,driveby_vehicular_epa,time_varying,2026-04-02T08:28:28.000000Z,1775118508.0,77.0,34.44,351,351,0,0,0,65,-26,348
T1,driveby_vehicular_epa,time_varying,2026-04-02T08:28:29.000000Z,1775118509.0,78.0,31.03,381,381,1,0,0,65,-29,363
T1,driveby_vehicular_epa,time_varying,2026-04-02T08:28:30.000000Z,1775118510.0,79.0,36.86,329,329,4,0,24,65,-66,130
T1,driveby_vehicular_epa,time_varying,2026-04-02T08:28:31.000000Z,1775118511.0,80.0,35.1,361,361,4,0,5,65,-66,211
T1,driveby_vehicular_epa,time_varying,2026-04-02T08:28:32.000000Z,1775118512.0,81.0,28.02,454,454,4,0,2,65,-66,322
T1,driveby_vehicular_epa,time_varying,2026-04-02T08:28:33.000000Z,1775118513.0,82.0,36.01,372,372,2,0,0,65,-25,343
T1,driveby_vehicular_epa,time_varying,2026-04-02T08:28:34.000000Z,1775118514.0,83.0,33.14,377,377,4,0,1,65,-66,303
T1,driveby_vehicular_epa,time_varying,2026-04-02T08:28:35.000000Z,1775118515.0,84.0,29.14,391,391,4,0,1,65,-66,264
T1,driveby_vehicular_epa,time_varying,2026-04-02T08:28:36.000000Z,1775118516.0,85.0,30.8,322,322,3,0,0,65,-66,214
T2,driveby_epa_interference,time_varying,2026-04-01T16:13:20.000000Z,1775060000.0,0.0,58.5,4,4,1,0,0,65,52,2
T2,driveby_epa_interference,time_varying,2026-04-01T16:13:21.000000Z,1775060001.0,1.0,31.04,28,28,4,0,2,65,1,9
T2,driveby_epa_interference,time_varying,2026-04-01T16:13:22.000000Z,1775060002.0,2.0,40.55,11,11,4,0,2,65,4,1
T2,driveby_epa_interference,time_varying,2026-04-01T16:13:52.000000Z,1775060032.0,32.0,3.36,28,28,4,0,2,65,-35,12
T2,driveby_epa_interference,time_varying,2026-04-01T16:13:53.000000Z,1775060033.0,33.0,34.02,43,43,4,0,1,65,-26,23
T2,driveby_epa_interference,time_varying,2026-04-01T16:13:54.000000Z,1775060034.0,34.0,26.66,50,50,4,0,3,65,-29,20
T2,driveby_epa_interference,time_varying,2026-04-01T16:13:55.000000Z,1775060035.0,35.0,29.27,40,40,4,0,1,65,-36,24
T2,driveby_epa_interference,time_varying,2026-04-01T16:13:56.000000Z,1775060036.0,36.0,39.79,38,38,3,0,0,65,-19,23
T2,driveby_epa_interference,time_varying,2026-04-01T16:13:57.000000Z,1775060037.0,37.0,29.2,49,49,4,0,2,65,-28,19
T2,driveby_epa_interference,time_varying,2026-04-01T16:13:59.000000Z,1775060039.0,39.0,36.11,83,83,3,0,0,65,-27,60
T2,driveby_epa_interference,time_varying,2026-04-01T16:14:00.000000Z,1775060040.0,40.0,35.7,46,46,3,0,0,65,-28,31
T2,driveby_epa_interference,time_varying,2026-04-01T16:14:01.000000Z,1775060041.0,41.0,33.79,56,56,4,0,1,65,-26,26
T2,driveby_epa_interference,time_varying,2026-04-01T16:14:02.000000Z,1775060042.0,42.0,40.97,34,34,2,0,0,65,38,31
T2,driveby_epa_interference,time_varying,2026-04-01T16:14:03.000000Z,1775060043.0,43.0,33.67,45,45,4,0,1,65,-27,29
T2,driveby_epa_interference,time_varying,2026-04-01T16:14:04.000000Z,1775060044.0,44.0,37.1,40,40,3,0,0,65,-26,33
T2,driveby_epa_interference,time_varying,2026-04-01T16:14:05.000000Z,1775060045.0,45.0,36.36,47,47,4,0,1,65,-19,20
T2,driveby_epa_interference,time_varying,2026-04-01T16:14:06.000000Z,1775060046.0,46.0,32.1,49,49,3,0,0,65,-28,26
T2,driveby_epa_interference,time_varying,2026-04-01T16:14:07.000000Z,1775060047.0,47.0,29.32,50,50,3,0,0,65,-26,25
T2,driveby_epa_interference,time_varying,2026-04-01T16:14:08.000000Z,1775060048.0,48.0,40.0,39,39,0,0,0,42,38,39
T2,driveby_epa_interference,time_varying,2026-04-01T16:14:09.000000Z,1775060049.0,49.0,47.59,32,32,4,0,2,65,38,22
T2,driveby_epa_interference,time_varying,2026-04-01T16:14:10.000000Z,1775060050.0,50.0,42.32,34,34,2,0,0,65,39,31
T2,driveby_epa_interference,time_varying,2026-04-01T16:14:11.000000Z,1775060051.0,51.0,36.63,41,41,4,0,1,65,-25,33
T2,driveby_epa_interference,time_varying,2026-04-01T16:14:12.000000Z,1775060052.0,52.0,36.21,39,39,0,0,0,43,-29,37
T2,driveby_epa_interference,time_varying,2026-04-01T16:14:13.000000Z,1775060053.0,53.0,41.16,37,37,1,0,0,65,36,35
T2,driveby_epa_interference,time_varying,2026-04-01T16:14:15.000000Z,1775060055.0,55.0,34.49,85,85,3,0,0,65,-26,53
T2,driveby_epa_interference,time_varying,2026-04-01T16:14:16.000000Z,1775060056.0,56.0,35.98,47,47,4,0,1,65,-19,29
T2,driveby_epa_interference,time_varying,2026-04-01T16:14:17.000000Z,1775060057.0,57.0,28.88,50,50,3,0,0,43,-25,24
T2,driveby_epa_interference,time_varying,2026-04-01T16:14:18.000000Z,1775060058.0,58.0,35.85,39,39,2,0,0,65,-26,30
T2,driveby_epa_interference,time_varying,2026-04-01T16:14:19.000000Z,1775060059.0,59.0,43.49,39,39,2,0,0,65,38,34
T2,driveby_epa_interference,time_varying,2026-04-01T16:14:20.000000Z,1775060060.0,60.0,35.52,44,44,3,0,0,65,-29,32
T2,driveby_epa_interference,time_varying,2026-04-01T16:14:21.000000Z,1775060061.0,61.0,36.68,44,44,4,0,1,65,-28,24
T2,driveby_epa_interference,time_varying,2026-04-01T16:14:22.000000Z,1775060062.0,62.0,33.24,49,49,3,0,0,65,-28,25
T2,driveby_epa_interference,time_varying,2026-04-01T16:14:23.000000Z,1775060063.0,63.0,33.26,43,43,3,0,0,65,-26,24
T2,driveby_epa_interference,time_varying,2026-04-01T16:14:24.000000Z,1775060064.0,64.0,32.83,48,48,4,0,1,65,-26,28
T2,driveby_epa_interference,time_varying,2026-04-01T16:14:25.000000Z,1775060065.0,65.0,35.04,46,46,3,0,0,65,-19,29
T2,driveby_epa_interference,time_varying,2026-04-01T16:14:26.000000Z,1775060066.0,66.0,31.07,45,45,3,0,0,65,-29,25
T2,driveby_epa_interference,time_varying,2026-04-01T16:14:27.000000Z,1775060067.0,67.0,25.3,54,54,4,0,1,65,-30,22
T2,driveby_epa_interference,time_varying,2026-04-01T16:14:28.000000Z,1775060068.0,68.0,39.31,42,42,2,0,0,65,-19,37
T2,driveby_epa_interference,time_varying,2026-04-01T16:14:29.000000Z,1775060069.0,69.0,0.0,0,0,0,0,0,-32768,32767,0
